#
# There is insufficient memory for the Java Runtime Environment to continue.
# Native memory allocation (malloc) failed to allocate 1864560 bytes. Error detail: Chunk::new
# Possible reasons:
#   The system is out of physical RAM or swap space
#   This process is running with CompressedOops enabled, and the Java Heap may be blocking the growth of the native heap
# Possible solutions:
#   Reduce memory load on the system
#   Increase physical memory or swap space
#   Check if swap backing store is full
#   Decrease Java heap size (-Xmx/-Xms)
#   Decrease number of Java threads
#   Decrease Java thread stack sizes (-Xss)
#   Set larger code cache with -XX:ReservedCodeCacheSize=
#   JVM is running with Unscaled Compressed Oops mode in which the Java heap is
#     placed in the first 4GB address space. The Java Heap base address is the
#     maximum limit for the native heap growth. Please use -XX:HeapBaseMinAddress
#     to set the Java Heap base and to place the Java Heap above 4GB virtual address.
# This output file may be truncated or incomplete.
#
#  Out of Memory Error (arena.cpp:168), pid=9924, tid=22844
#
# JRE version: OpenJDK Runtime Environment (21.0.8) (build 21.0.8+-14196175-b1038.72)
# Java VM: OpenJDK 64-Bit Server VM (21.0.8+-14196175-b1038.72, mixed mode, tiered, compressed oops, compressed class ptrs, g1 gc, windows-amd64)
# No core dump will be written. Minidumps are not enabled by default on client versions of Windows
#

---------------  S U M M A R Y ------------

Command Line: --add-opens=java.base/java.lang=ALL-UNNAMED --add-opens=java.base/java.lang.invoke=ALL-UNNAMED --add-opens=java.base/java.util=ALL-UNNAMED --add-opens=java.prefs/java.util.prefs=ALL-UNNAMED --add-exports=jdk.compiler/com.sun.tools.javac.api=ALL-UNNAMED --add-exports=jdk.compiler/com.sun.tools.javac.util=ALL-UNNAMED --add-opens=java.base/java.util=ALL-UNNAMED --add-opens=java.prefs/java.util.prefs=ALL-UNNAMED --add-opens=java.base/java.nio.charset=ALL-UNNAMED --add-opens=java.base/java.net=ALL-UNNAMED --add-opens=java.base/java.util.concurrent.atomic=ALL-UNNAMED --add-opens=java.xml/javax.xml.namespace=ALL-UNNAMED -Xmx2048m -Dfile.encoding=UTF-8 -Duser.country=AR -Duser.language=es -Duser.variant -javaagent:C:\Users\gastona\.gradle\wrapper\dists\gradle-8.12-bin\cetblhg4pflnnks72fxwobvgv\gradle-8.12\lib\agents\gradle-instrumentation-agent-8.12.jar org.gradle.launcher.daemon.bootstrap.GradleDaemon 8.12

Host: Intel(R) Core(TM) i5-6400 CPU @ 2.70GHz, 4 cores, 15G,  Windows 10 , 64 bit Build 19041 (10.0.19041.5915)
Time: Tue Feb  3 16:46:45 2026 Hora estándar de Argentina elapsed time: 310.811453 seconds (0d 0h 5m 10s)

---------------  T H R E A D  ---------------

Current thread (0x000002395c0f80b0):  JavaThread "C2 CompilerThread0" daemon [_thread_in_native, id=22844, stack(0x000000cd26a00000,0x000000cd26b00000) (1024K)]


Current CompileTask:
C2:310811 29778       4       org.gradle.tooling.internal.adapter.ProtocolToModelAdapter$InvocationHandlerImpl::invoke (176 bytes)

Stack: [0x000000cd26a00000,0x000000cd26b00000]
Native frames: (J=compiled Java code, j=interpreted, Vv=VM code, C=native code)
V  [jvm.dll+0x6d68d9]
V  [jvm.dll+0x866693]
V  [jvm.dll+0x868c4e]
V  [jvm.dll+0x869333]
V  [jvm.dll+0x280566]
V  [jvm.dll+0xc07cd]
V  [jvm.dll+0xc0d03]
V  [jvm.dll+0x3b961b]
V  [jvm.dll+0x385507]
V  [jvm.dll+0x38497a]
V  [jvm.dll+0x249252]
V  [jvm.dll+0x248821]
V  [jvm.dll+0x1c73a4]
V  [jvm.dll+0x257f9e]
V  [jvm.dll+0x2564e6]
V  [jvm.dll+0x3f4696]
V  [jvm.dll+0x80eac8]
V  [jvm.dll+0x6d512d]
C  [ucrtbase.dll+0x21bb2]
C  [KERNEL32.DLL+0x17374]
C  [ntdll.dll+0x4cc91]


---------------  P R O C E S S  ---------------

Threads class SMR info:
_java_thread_list=0x000002397300c860, length=86, elements={
0x0000023940c92940, 0x000002395c0bafb0, 0x000002395c0c08a0, 0x000002395c0bda20,
0x000002395c0bf780, 0x000002395c0e3f90, 0x000002395c0e6db0, 0x000002395c0e85c0,
0x000002395c0f80b0, 0x000002395c0fbeb0, 0x000002395c384260, 0x000002395cda4c70,
0x000002395cda5990, 0x000002395cda2510, 0x000002395cda3230, 0x000002395cda2ba0,
0x000002395cda3f50, 0x000002395dd0f510, 0x000002395dd0e7f0, 0x000002395dd09930,
0x000002395dd0ee80, 0x000002395dd0cdb0, 0x000002395dd0c720, 0x000002395dd0e160,
0x000002395dd08580, 0x000002395dd092a0, 0x000002395dd0fba0, 0x000002395dd09fc0,
0x000002395dd0a650, 0x000002395dd0ace0, 0x000002395dd0b370, 0x000002395dd0ba00,
0x000002395dd0d440, 0x000002395dd0dad0, 0x000002395f14c820, 0x000002395f1509c0,
0x000002395f14b470, 0x000002395f14f610, 0x000002395f1516e0, 0x000002395f150330,
0x000002395f14d540, 0x000002395f14dbd0, 0x000002395f14e260, 0x000002395f14a0c0,
0x000002395f14a750, 0x0000023960fd3cb0, 0x0000023963dd7fe0, 0x00000239631eabe0,
0x00000239631e91a0, 0x00000239631eb270, 0x00000239631e5d20, 0x0000023962ca98f0,
0x0000023962caaca0, 0x000002395f14c190, 0x000002395f151050, 0x000002395f14fca0,
0x000002396c9310d0, 0x000002396c930a40, 0x000002395ea101b0, 0x0000023960fd2f90,
0x0000023960fd3620, 0x000002396c93bb70, 0x000002396c936620, 0x0000023961cdd040,
0x0000023962e5d000, 0x0000023962e5d690, 0x0000023962e5e3b0, 0x0000023962e594f0,
0x0000023961cdf110, 0x0000023963dd8670, 0x0000023963dd8d00, 0x0000023963ddb460,
0x0000023963dda740, 0x000002395f14ade0, 0x000002395f14ceb0, 0x000002395f14e8f0,
0x000002395f14bb00, 0x0000023961cde3f0, 0x0000023961ce1870, 0x0000023961cdea80,
0x0000023961cdaf70, 0x0000023961cdf7a0, 0x0000023961cdfe30, 0x0000023961ce2590,
0x0000023961cdb600, 0x0000023972336960
}

Java Threads: ( => current thread )
  0x0000023940c92940 JavaThread "main"                              [_thread_blocked, id=22108, stack(0x000000cd25b00000,0x000000cd25c00000) (1024K)]
  0x000002395c0bafb0 JavaThread "Common-Cleaner"             daemon [_thread_blocked, id=11216, stack(0x000000cd26300000,0x000000cd26400000) (1024K)]
  0x000002395c0c08a0 JavaThread "Reference Handler"          daemon [_thread_blocked, id=8388, stack(0x000000cd26400000,0x000000cd26500000) (1024K)]
  0x000002395c0bda20 JavaThread "Finalizer"                  daemon [_thread_blocked, id=4860, stack(0x000000cd26500000,0x000000cd26600000) (1024K)]
  0x000002395c0bf780 JavaThread "Signal Dispatcher"          daemon [_thread_blocked, id=21000, stack(0x000000cd26600000,0x000000cd26700000) (1024K)]
  0x000002395c0e3f90 JavaThread "Attach Listener"            daemon [_thread_blocked, id=10796, stack(0x000000cd26700000,0x000000cd26800000) (1024K)]
  0x000002395c0e6db0 JavaThread "Service Thread"             daemon [_thread_blocked, id=6608, stack(0x000000cd26800000,0x000000cd26900000) (1024K)]
  0x000002395c0e85c0 JavaThread "Monitor Deflation Thread"   daemon [_thread_blocked, id=9948, stack(0x000000cd26900000,0x000000cd26a00000) (1024K)]
=>0x000002395c0f80b0 JavaThread "C2 CompilerThread0"         daemon [_thread_in_native, id=22844, stack(0x000000cd26a00000,0x000000cd26b00000) (1024K)]
  0x000002395c0fbeb0 JavaThread "C1 CompilerThread0"         daemon [_thread_blocked, id=10172, stack(0x000000cd26b00000,0x000000cd26c00000) (1024K)]
  0x000002395c384260 JavaThread "Notification Thread"        daemon [_thread_blocked, id=22716, stack(0x000000cd26c00000,0x000000cd26d00000) (1024K)]
  0x000002395cda4c70 JavaThread "Daemon health stats"               [_thread_blocked, id=22776, stack(0x000000cd27000000,0x000000cd27100000) (1024K)]
  0x000002395cda5990 JavaThread "Incoming local TCP Connector on port 55682"        [_thread_in_native, id=6724, stack(0x000000cd27100000,0x000000cd27200000) (1024K)]
  0x000002395cda2510 JavaThread "Daemon periodic checks"            [_thread_blocked, id=8516, stack(0x000000cd27200000,0x000000cd27300000) (1024K)]
  0x000002395cda3230 JavaThread "Daemon"                            [_thread_blocked, id=8544, stack(0x000000cd27300000,0x000000cd27400000) (1024K)]
  0x000002395cda2ba0 JavaThread "Handler for socket connection from /127.0.0.1:55682 to /127.0.0.1:55683"        [_thread_in_native, id=5728, stack(0x000000cd27400000,0x000000cd27500000) (1024K)]
  0x000002395cda3f50 JavaThread "Cancel handler"                    [_thread_blocked, id=15164, stack(0x000000cd27500000,0x000000cd27600000) (1024K)]
  0x000002395dd0f510 JavaThread "Daemon worker"                     [_thread_in_native, id=21256, stack(0x000000cd27600000,0x000000cd27700000) (1024K)]
  0x000002395dd0e7f0 JavaThread "Asynchronous log dispatcher for DefaultDaemonConnection: socket connection from /127.0.0.1:55682 to /127.0.0.1:55683"        [_thread_blocked, id=18428, stack(0x000000cd27700000,0x000000cd27800000) (1024K)]
  0x000002395dd09930 JavaThread "Stdin handler"                     [_thread_blocked, id=11544, stack(0x000000cd27800000,0x000000cd27900000) (1024K)]
  0x000002395dd0ee80 JavaThread "Daemon client event forwarder"        [_thread_blocked, id=14956, stack(0x000000cd27900000,0x000000cd27a00000) (1024K)]
  0x000002395dd0cdb0 JavaThread "Cache worker for journal cache (C:\Users\gastona\.gradle\caches\journal-1)"        [_thread_blocked, id=13124, stack(0x000000cd27a00000,0x000000cd27b00000) (1024K)]
  0x000002395dd0c720 JavaThread "File lock request listener"        [_thread_in_native, id=14444, stack(0x000000cd27b00000,0x000000cd27c00000) (1024K)]
  0x000002395dd0e160 JavaThread "Cache worker for file hash cache (C:\Users\gastona\.gradle\caches\8.12\fileHashes)"        [_thread_blocked, id=14884, stack(0x000000cd27c00000,0x000000cd27d00000) (1024K)]
  0x000002395dd08580 JavaThread "Cache worker for file hash cache (D:\proyectos_android\my-fork-basic-android-kotlin-compose-training-sports\.gradle\8.12\fileHashes)"        [_thread_blocked, id=10760, stack(0x000000cd27e00000,0x000000cd27f00000) (1024K)]
  0x000002395dd092a0 JavaThread "Cache worker for Build Output Cleanup Cache (D:\proyectos_android\my-fork-basic-android-kotlin-compose-training-sports\.gradle\buildOutputCleanup)"        [_thread_blocked, id=18788, stack(0x000000cd27f00000,0x000000cd28000000) (1024K)]
  0x000002395dd0fba0 JavaThread "File watcher server"        daemon [_thread_in_native, id=12692, stack(0x000000cd28000000,0x000000cd28100000) (1024K)]
  0x000002395dd09fc0 JavaThread "File watcher consumer"      daemon [_thread_blocked, id=23192, stack(0x000000cd28100000,0x000000cd28200000) (1024K)]
  0x000002395dd0a650 JavaThread "jar transforms"                    [_thread_blocked, id=18052, stack(0x000000cd27d00000,0x000000cd27e00000) (1024K)]
  0x000002395dd0ace0 JavaThread "jar transforms Thread 2"           [_thread_blocked, id=6976, stack(0x000000cd28200000,0x000000cd28300000) (1024K)]
  0x000002395dd0b370 JavaThread "jar transforms Thread 3"           [_thread_blocked, id=9132, stack(0x000000cd28300000,0x000000cd28400000) (1024K)]
  0x000002395dd0ba00 JavaThread "jar transforms Thread 4"           [_thread_blocked, id=10908, stack(0x000000cd28400000,0x000000cd28500000) (1024K)]
  0x000002395dd0d440 JavaThread "Cache worker for checksums cache (D:\proyectos_android\my-fork-basic-android-kotlin-compose-training-sports\.gradle\8.12\checksums)"        [_thread_blocked, id=8912, stack(0x000000cd28600000,0x000000cd28700000) (1024K)]
  0x000002395dd0dad0 JavaThread "Cache worker for file content cache (C:\Users\gastona\.gradle\caches\8.12\fileContent)"        [_thread_blocked, id=16676, stack(0x000000cd28700000,0x000000cd28800000) (1024K)]
  0x000002395f14c820 JavaThread "Cache worker for cache directory md-rule (C:\Users\gastona\.gradle\caches\8.12\md-rule)"        [_thread_blocked, id=18188, stack(0x000000cd28800000,0x000000cd28900000) (1024K)]
  0x000002395f1509c0 JavaThread "Cache worker for cache directory md-supplier (C:\Users\gastona\.gradle\caches\8.12\md-supplier)"        [_thread_blocked, id=2868, stack(0x000000cd28900000,0x000000cd28a00000) (1024K)]
  0x000002395f14b470 JavaThread "Unconstrained build operations"        [_thread_blocked, id=1844, stack(0x000000cd28a00000,0x000000cd28b00000) (1024K)]
  0x000002395f14f610 JavaThread "Unconstrained build operations Thread 2"        [_thread_blocked, id=5172, stack(0x000000cd28b00000,0x000000cd28c00000) (1024K)]
  0x000002395f1516e0 JavaThread "Unconstrained build operations Thread 3"        [_thread_blocked, id=20436, stack(0x000000cd28c00000,0x000000cd28d00000) (1024K)]
  0x000002395f150330 JavaThread "Unconstrained build operations Thread 4"        [_thread_blocked, id=1036, stack(0x000000cd28d00000,0x000000cd28e00000) (1024K)]
  0x000002395f14d540 JavaThread "Unconstrained build operations Thread 5"        [_thread_blocked, id=14740, stack(0x000000cd28e00000,0x000000cd28f00000) (1024K)]
  0x000002395f14dbd0 JavaThread "Unconstrained build operations Thread 6"        [_thread_blocked, id=7044, stack(0x000000cd28f00000,0x000000cd29000000) (1024K)]
  0x000002395f14e260 JavaThread "Unconstrained build operations Thread 7"        [_thread_blocked, id=20368, stack(0x000000cd29000000,0x000000cd29100000) (1024K)]
  0x000002395f14a0c0 JavaThread "Unconstrained build operations Thread 8"        [_thread_blocked, id=15628, stack(0x000000cd28500000,0x000000cd28600000) (1024K)]
  0x000002395f14a750 JavaThread "Unconstrained build operations Thread 9"        [_thread_blocked, id=11676, stack(0x000000cd29100000,0x000000cd29200000) (1024K)]
  0x0000023960fd3cb0 JavaThread "Unconstrained build operations Thread 10"        [_thread_blocked, id=9036, stack(0x000000cd29200000,0x000000cd29300000) (1024K)]
  0x0000023963dd7fe0 JavaThread "Kotlin DSL Writer"                 [_thread_blocked, id=11132, stack(0x000000cd25800000,0x000000cd25900000) (1024K)]
  0x00000239631eabe0 JavaThread "Unconstrained build operations Thread 11"        [_thread_blocked, id=20396, stack(0x000000cd29400000,0x000000cd29500000) (1024K)]
  0x00000239631e91a0 JavaThread "Unconstrained build operations Thread 12"        [_thread_blocked, id=15300, stack(0x000000cd29500000,0x000000cd29600000) (1024K)]
  0x00000239631eb270 JavaThread "Unconstrained build operations Thread 13"        [_thread_blocked, id=9584, stack(0x000000cd29600000,0x000000cd29700000) (1024K)]
  0x00000239631e5d20 JavaThread "Unconstrained build operations Thread 14"        [_thread_blocked, id=10036, stack(0x000000cd29700000,0x000000cd29800000) (1024K)]
  0x0000023962ca98f0 JavaThread "Unconstrained build operations Thread 15"        [_thread_blocked, id=18632, stack(0x000000cd29800000,0x000000cd29900000) (1024K)]
  0x0000023962caaca0 JavaThread "Unconstrained build operations Thread 16"        [_thread_blocked, id=8652, stack(0x000000cd29900000,0x000000cd29a00000) (1024K)]
  0x000002395f14c190 JavaThread "Unconstrained build operations Thread 17"        [_thread_blocked, id=21280, stack(0x000000cd25900000,0x000000cd25a00000) (1024K)]
  0x000002395f151050 JavaThread "Unconstrained build operations Thread 18"        [_thread_blocked, id=10468, stack(0x000000cd29a00000,0x000000cd29b00000) (1024K)]
  0x000002395f14fca0 JavaThread "Unconstrained build operations Thread 19"        [_thread_blocked, id=14052, stack(0x000000cd29b00000,0x000000cd29c00000) (1024K)]
  0x000002396c9310d0 JavaThread "Memory manager"                    [_thread_blocked, id=22004, stack(0x000000cd29f00000,0x000000cd2a000000) (1024K)]
  0x000002396c930a40 JavaThread "build event listener"              [_thread_blocked, id=2024, stack(0x000000cd2a000000,0x000000cd2a100000) (1024K)]
  0x000002395ea101b0 JavaThread "Execution worker"                  [_thread_blocked, id=13496, stack(0x000000cd2a100000,0x000000cd2a200000) (1024K)]
  0x0000023960fd2f90 JavaThread "Execution worker Thread 2"         [_thread_blocked, id=14684, stack(0x000000cd2a200000,0x000000cd2a300000) (1024K)]
  0x0000023960fd3620 JavaThread "Execution worker Thread 3"         [_thread_blocked, id=1840, stack(0x000000cd2a300000,0x000000cd2a400000) (1024K)]
  0x000002396c93bb70 JavaThread "Cache worker for execution history cache (D:\proyectos_android\my-fork-basic-android-kotlin-compose-training-sports\.gradle\8.12\executionHistory)"        [_thread_blocked, id=9292, stack(0x000000cd2a400000,0x000000cd2a500000) (1024K)]
  0x000002396c936620 JavaThread "idea-tooling-model-converter"        [_thread_blocked, id=20432, stack(0x000000cd2a500000,0x000000cd2a600000) (1024K)]
  0x0000023961cdd040 JavaThread "Unconstrained build operations Thread 20"        [_thread_blocked, id=5068, stack(0x000000cd2a600000,0x000000cd2a700000) (1024K)]
  0x0000023962e5d000 JavaThread "Unconstrained build operations Thread 21"        [_thread_blocked, id=5212, stack(0x000000cd29e00000,0x000000cd29f00000) (1024K)]
  0x0000023962e5d690 JavaThread "Unconstrained build operations Thread 22"        [_thread_blocked, id=18084, stack(0x000000cd2a700000,0x000000cd2a800000) (1024K)]
  0x0000023962e5e3b0 JavaThread "Unconstrained build operations Thread 23"        [_thread_blocked, id=19084, stack(0x000000cd2a800000,0x000000cd2a900000) (1024K)]
  0x0000023962e594f0 JavaThread "Unconstrained build operations Thread 24"        [_thread_blocked, id=20056, stack(0x000000cd2a900000,0x000000cd2aa00000) (1024K)]
  0x0000023961cdf110 JavaThread "Problems report writer"            [_thread_blocked, id=3768, stack(0x000000cd25a00000,0x000000cd25b00000) (1024K)]
  0x0000023963dd8670 JavaThread "Unconstrained build operations Thread 25"        [_thread_blocked, id=13100, stack(0x000000cd2ab00000,0x000000cd2ac00000) (1024K)]
  0x0000023963dd8d00 JavaThread "Unconstrained build operations Thread 26"        [_thread_blocked, id=1456, stack(0x000000cd2ac00000,0x000000cd2ad00000) (1024K)]
  0x0000023963ddb460 JavaThread "Unconstrained build operations Thread 27"        [_thread_blocked, id=8016, stack(0x000000cd2ad00000,0x000000cd2ae00000) (1024K)]
  0x0000023963dda740 JavaThread "Unconstrained build operations Thread 28"        [_thread_blocked, id=8240, stack(0x000000cd2aa00000,0x000000cd2ab00000) (1024K)]
  0x000002395f14ade0 JavaThread "Unconstrained build operations Thread 29"        [_thread_blocked, id=12640, stack(0x000000cd2ae00000,0x000000cd2af00000) (1024K)]
  0x000002395f14ceb0 JavaThread "Unconstrained build operations Thread 30"        [_thread_blocked, id=20956, stack(0x000000cd2af00000,0x000000cd2b000000) (1024K)]
  0x000002395f14e8f0 JavaThread "Unconstrained build operations Thread 31"        [_thread_blocked, id=20212, stack(0x000000cd2b000000,0x000000cd2b100000) (1024K)]
  0x000002395f14bb00 JavaThread "Unconstrained build operations Thread 32"        [_thread_blocked, id=9740, stack(0x000000cd2b100000,0x000000cd2b200000) (1024K)]
  0x0000023961cde3f0 JavaThread "Unconstrained build operations Thread 33"        [_thread_blocked, id=9532, stack(0x000000cd2b200000,0x000000cd2b300000) (1024K)]
  0x0000023961ce1870 JavaThread "Unconstrained build operations Thread 34"        [_thread_blocked, id=11472, stack(0x000000cd2b300000,0x000000cd2b400000) (1024K)]
  0x0000023961cdea80 JavaThread "Unconstrained build operations Thread 35"        [_thread_blocked, id=11204, stack(0x000000cd2b400000,0x000000cd2b500000) (1024K)]
  0x0000023961cdaf70 JavaThread "Unconstrained build operations Thread 36"        [_thread_blocked, id=7052, stack(0x000000cd2b500000,0x000000cd2b600000) (1024K)]
  0x0000023961cdf7a0 JavaThread "Unconstrained build operations Thread 37"        [_thread_blocked, id=12988, stack(0x000000cd2b600000,0x000000cd2b700000) (1024K)]
  0x0000023961cdfe30 JavaThread "Unconstrained build operations Thread 38"        [_thread_blocked, id=7848, stack(0x000000cd2b700000,0x000000cd2b800000) (1024K)]
  0x0000023961ce2590 JavaThread "Unconstrained build operations Thread 39"        [_thread_blocked, id=3912, stack(0x000000cd2b800000,0x000000cd2b900000) (1024K)]
  0x0000023961cdb600 JavaThread "Unconstrained build operations Thread 40"        [_thread_blocked, id=7636, stack(0x000000cd2b900000,0x000000cd2ba00000) (1024K)]
  0x0000023972336960 JavaThread "C2 CompilerThread1"         daemon [_thread_in_native, id=17260, stack(0x000000cd2ba00000,0x000000cd2bb00000) (1024K)]
Total: 86

Other Threads:
  0x000002395c044a50 VMThread "VM Thread"                           [id=18772, stack(0x000000cd26200000,0x000000cd26300000) (1024K)]
  0x0000023957afcad0 WatcherThread "VM Periodic Task Thread"        [id=7912, stack(0x000000cd26100000,0x000000cd26200000) (1024K)]
  0x0000023940ce7950 WorkerThread "GC Thread#0"                     [id=4892, stack(0x000000cd25c00000,0x000000cd25d00000) (1024K)]
  0x000002395c3f6280 WorkerThread "GC Thread#1"                     [id=1752, stack(0x000000cd26d00000,0x000000cd26e00000) (1024K)]
  0x000002395c3f6620 WorkerThread "GC Thread#2"                     [id=15196, stack(0x000000cd26e00000,0x000000cd26f00000) (1024K)]
  0x000002395c3f69c0 WorkerThread "GC Thread#3"                     [id=17556, stack(0x000000cd26f00000,0x000000cd27000000) (1024K)]
  0x0000023940cf9860 ConcurrentGCThread "G1 Main Marker"            [id=23544, stack(0x000000cd25d00000,0x000000cd25e00000) (1024K)]
  0x0000023940cfb0c0 WorkerThread "G1 Conc#0"                       [id=5936, stack(0x000000cd25e00000,0x000000cd25f00000) (1024K)]
  0x00000239579cc640 ConcurrentGCThread "G1 Refine#0"               [id=20260, stack(0x000000cd25f00000,0x000000cd26000000) (1024K)]
  0x00000239579cce60 ConcurrentGCThread "G1 Service"                [id=16012, stack(0x000000cd26000000,0x000000cd26100000) (1024K)]
Total: 10

Threads with active compile tasks:
C2 CompilerThread0  310934 29778       4       org.gradle.tooling.internal.adapter.ProtocolToModelAdapter$InvocationHandlerImpl::invoke (176 bytes)
C2 CompilerThread1  310934 29780       4       org.gradle.tooling.internal.adapter.ProtocolToModelAdapter$SupportedPropertyInvoker::invoke (154 bytes)
Total: 2

VM state: not at safepoint (normal execution)

VM Mutex/Monitor currently owned by a thread: None

Heap address: 0x0000000080000000, size: 2048 MB, Compressed Oops mode: 32-bit

CDS archive(s) not mapped
Compressed class space mapped at: 0x0000000100000000-0x0000000140000000, reserved size: 1073741824
Narrow klass base: 0x0000000000000000, Narrow klass shift: 3, Narrow klass range: 0x140000000

GC Precious Log:
 CardTable entry size: 512
 Card Set container configuration: InlinePtr #cards 5 size 8 Array Of Cards #cards 12 size 40 Howl #buckets 4 coarsen threshold 1843 Howl Bitmap #cards 512 size 80 coarsen threshold 460 Card regions per heap region 1 cards per card region 2048
 CPUs: 4 total, 4 available
 Memory: 16296M
 Large Page Support: Disabled
 NUMA Support: Disabled
 Compressed Oops: Enabled (32-bit)
 Heap Region Size: 1M
 Heap Min Capacity: 8M
 Heap Initial Capacity: 256M
 Heap Max Capacity: 2G
 Pre-touch: Disabled
 Parallel Workers: 4
 Concurrent Workers: 1
 Concurrent Refinement Workers: 4
 Periodic GC: Disabled

Heap:
 garbage-first heap   total 672768K, used 367416K [0x0000000080000000, 0x0000000100000000)
  region size 1024K, 18 young (18432K), 15 survivors (15360K)
 Metaspace       used 217592K, committed 220416K, reserved 1245184K
  class space    used 28403K, committed 29760K, reserved 1048576K

Heap Regions: E=young(eden), S=young(survivor), O=old, HS=humongous(starts), HC=humongous(continues), CS=collection set, F=free, TAMS=top-at-mark-start, PB=parsable bottom
|   0|0x0000000080000000, 0x0000000080100000, 0x0000000080100000|100%|HS|  |TAMS 0x0000000080000000| PB 0x0000000080000000| Complete 
|   1|0x0000000080100000, 0x0000000080200000, 0x0000000080200000|100%|HC|  |TAMS 0x0000000080100000| PB 0x0000000080100000| Complete 
|   2|0x0000000080200000, 0x0000000080300000, 0x0000000080300000|100%|HC|  |TAMS 0x0000000080200000| PB 0x0000000080200000| Complete 
|   3|0x0000000080300000, 0x0000000080400000, 0x0000000080400000|100%| O|  |TAMS 0x0000000080300000| PB 0x0000000080300000| Untracked 
|   4|0x0000000080400000, 0x0000000080500000, 0x0000000080500000|100%| O|  |TAMS 0x0000000080400000| PB 0x0000000080400000| Untracked 
|   5|0x0000000080500000, 0x0000000080600000, 0x0000000080600000|100%| O|  |TAMS 0x0000000080500000| PB 0x0000000080500000| Untracked 
|   6|0x0000000080600000, 0x0000000080700000, 0x0000000080700000|100%|HS|  |TAMS 0x0000000080600000| PB 0x0000000080600000| Complete 
|   7|0x0000000080700000, 0x0000000080800000, 0x0000000080800000|100%| O|  |TAMS 0x0000000080700000| PB 0x0000000080700000| Untracked 
|   8|0x0000000080800000, 0x0000000080900000, 0x0000000080900000|100%| O|  |TAMS 0x0000000080800000| PB 0x0000000080800000| Untracked 
|   9|0x0000000080900000, 0x0000000080a00000, 0x0000000080a00000|100%| O|  |TAMS 0x0000000080900000| PB 0x0000000080900000| Untracked 
|  10|0x0000000080a00000, 0x0000000080b00000, 0x0000000080b00000|100%| O|  |TAMS 0x0000000080a00000| PB 0x0000000080a00000| Untracked 
|  11|0x0000000080b00000, 0x0000000080c00000, 0x0000000080c00000|100%| O|  |TAMS 0x0000000080b00000| PB 0x0000000080b00000| Untracked 
|  12|0x0000000080c00000, 0x0000000080d00000, 0x0000000080d00000|100%| O|  |TAMS 0x0000000080c00000| PB 0x0000000080c00000| Untracked 
|  13|0x0000000080d00000, 0x0000000080e00000, 0x0000000080e00000|100%| O|  |TAMS 0x0000000080d00000| PB 0x0000000080d00000| Untracked 
|  14|0x0000000080e00000, 0x0000000080f00000, 0x0000000080f00000|100%| O|  |TAMS 0x0000000080e00000| PB 0x0000000080e00000| Untracked 
|  15|0x0000000080f00000, 0x0000000081000000, 0x0000000081000000|100%| O|  |TAMS 0x0000000080f00000| PB 0x0000000080f00000| Untracked 
|  16|0x0000000081000000, 0x0000000081100000, 0x0000000081100000|100%| O|  |TAMS 0x0000000081000000| PB 0x0000000081000000| Untracked 
|  17|0x0000000081100000, 0x0000000081200000, 0x0000000081200000|100%| O|  |TAMS 0x0000000081100000| PB 0x0000000081100000| Untracked 
|  18|0x0000000081200000, 0x0000000081300000, 0x0000000081300000|100%| O|  |TAMS 0x0000000081200000| PB 0x0000000081200000| Untracked 
|  19|0x0000000081300000, 0x0000000081400000, 0x0000000081400000|100%| O|  |TAMS 0x0000000081300000| PB 0x0000000081300000| Untracked 
|  20|0x0000000081400000, 0x0000000081500000, 0x0000000081500000|100%| O|  |TAMS 0x0000000081400000| PB 0x0000000081400000| Untracked 
|  21|0x0000000081500000, 0x0000000081600000, 0x0000000081600000|100%| O|  |TAMS 0x0000000081500000| PB 0x0000000081500000| Untracked 
|  22|0x0000000081600000, 0x0000000081700000, 0x0000000081700000|100%| O|  |TAMS 0x0000000081600000| PB 0x0000000081600000| Untracked 
|  23|0x0000000081700000, 0x0000000081800000, 0x0000000081800000|100%|HS|  |TAMS 0x0000000081700000| PB 0x0000000081700000| Complete 
|  24|0x0000000081800000, 0x0000000081900000, 0x0000000081900000|100%|HC|  |TAMS 0x0000000081800000| PB 0x0000000081800000| Complete 
|  25|0x0000000081900000, 0x0000000081a00000, 0x0000000081a00000|100%|HC|  |TAMS 0x0000000081900000| PB 0x0000000081900000| Complete 
|  26|0x0000000081a00000, 0x0000000081b00000, 0x0000000081b00000|100%|HC|  |TAMS 0x0000000081a00000| PB 0x0000000081a00000| Complete 
|  27|0x0000000081b00000, 0x0000000081c00000, 0x0000000081c00000|100%|HC|  |TAMS 0x0000000081b00000| PB 0x0000000081b00000| Complete 
|  28|0x0000000081c00000, 0x0000000081d00000, 0x0000000081d00000|100%|HC|  |TAMS 0x0000000081c00000| PB 0x0000000081c00000| Complete 
|  29|0x0000000081d00000, 0x0000000081e00000, 0x0000000081e00000|100%|HS|  |TAMS 0x0000000081d00000| PB 0x0000000081d00000| Complete 
|  30|0x0000000081e00000, 0x0000000081f00000, 0x0000000081f00000|100%|HS|  |TAMS 0x0000000081e00000| PB 0x0000000081e00000| Complete 
|  31|0x0000000081f00000, 0x0000000082000000, 0x0000000082000000|100%|HC|  |TAMS 0x0000000081f00000| PB 0x0000000081f00000| Complete 
|  32|0x0000000082000000, 0x0000000082100000, 0x0000000082100000|100%|HS|  |TAMS 0x0000000082000000| PB 0x0000000082000000| Complete 
|  33|0x0000000082100000, 0x0000000082200000, 0x0000000082200000|100%|HC|  |TAMS 0x0000000082100000| PB 0x0000000082100000| Complete 
|  34|0x0000000082200000, 0x0000000082300000, 0x0000000082300000|100%|HC|  |TAMS 0x0000000082200000| PB 0x0000000082200000| Complete 
|  35|0x0000000082300000, 0x0000000082400000, 0x0000000082400000|100%|HC|  |TAMS 0x0000000082300000| PB 0x0000000082300000| Complete 
|  36|0x0000000082400000, 0x0000000082500000, 0x0000000082500000|100%|HS|  |TAMS 0x0000000082400000| PB 0x0000000082400000| Complete 
|  37|0x0000000082500000, 0x0000000082600000, 0x0000000082600000|100%|HS|  |TAMS 0x0000000082500000| PB 0x0000000082500000| Complete 
|  38|0x0000000082600000, 0x0000000082700000, 0x0000000082700000|100%|HC|  |TAMS 0x0000000082600000| PB 0x0000000082600000| Complete 
|  39|0x0000000082700000, 0x0000000082800000, 0x0000000082800000|100%|HC|  |TAMS 0x0000000082700000| PB 0x0000000082700000| Complete 
|  40|0x0000000082800000, 0x0000000082900000, 0x0000000082900000|100%|HC|  |TAMS 0x0000000082800000| PB 0x0000000082800000| Complete 
|  41|0x0000000082900000, 0x0000000082a00000, 0x0000000082a00000|100%|HC|  |TAMS 0x0000000082900000| PB 0x0000000082900000| Complete 
|  42|0x0000000082a00000, 0x0000000082b00000, 0x0000000082b00000|100%|HC|  |TAMS 0x0000000082a00000| PB 0x0000000082a00000| Complete 
|  43|0x0000000082b00000, 0x0000000082c00000, 0x0000000082c00000|100%|HS|  |TAMS 0x0000000082b00000| PB 0x0000000082b00000| Complete 
|  44|0x0000000082c00000, 0x0000000082d00000, 0x0000000082d00000|100%|HS|  |TAMS 0x0000000082c00000| PB 0x0000000082c00000| Complete 
|  45|0x0000000082d00000, 0x0000000082e00000, 0x0000000082e00000|100%|HC|  |TAMS 0x0000000082d00000| PB 0x0000000082d00000| Complete 
|  46|0x0000000082e00000, 0x0000000082f00000, 0x0000000082f00000|100%|HS|  |TAMS 0x0000000082e00000| PB 0x0000000082e00000| Complete 
|  47|0x0000000082f00000, 0x0000000083000000, 0x0000000083000000|100%| O|  |TAMS 0x0000000082f00000| PB 0x0000000082f00000| Untracked 
|  48|0x0000000083000000, 0x0000000083100000, 0x0000000083100000|100%| O|  |TAMS 0x0000000083000000| PB 0x0000000083000000| Untracked 
|  49|0x0000000083100000, 0x0000000083200000, 0x0000000083200000|100%| O|  |TAMS 0x0000000083100000| PB 0x0000000083100000| Untracked 
|  50|0x0000000083200000, 0x0000000083300000, 0x0000000083300000|100%| O|  |TAMS 0x0000000083200000| PB 0x0000000083200000| Untracked 
|  51|0x0000000083300000, 0x0000000083400000, 0x0000000083400000|100%| O|  |TAMS 0x0000000083300000| PB 0x0000000083300000| Untracked 
|  52|0x0000000083400000, 0x0000000083500000, 0x0000000083500000|100%| O|  |TAMS 0x0000000083400000| PB 0x0000000083400000| Untracked 
|  53|0x0000000083500000, 0x0000000083600000, 0x0000000083600000|100%|HS|  |TAMS 0x0000000083500000| PB 0x0000000083500000| Complete 
|  54|0x0000000083600000, 0x0000000083700000, 0x0000000083700000|100%|HC|  |TAMS 0x0000000083600000| PB 0x0000000083600000| Complete 
|  55|0x0000000083700000, 0x0000000083800000, 0x0000000083800000|100%|HC|  |TAMS 0x0000000083700000| PB 0x0000000083700000| Complete 
|  56|0x0000000083800000, 0x0000000083900000, 0x0000000083900000|100%|HC|  |TAMS 0x0000000083800000| PB 0x0000000083800000| Complete 
|  57|0x0000000083900000, 0x0000000083a00000, 0x0000000083a00000|100%| O|  |TAMS 0x0000000083900000| PB 0x0000000083900000| Untracked 
|  58|0x0000000083a00000, 0x0000000083b00000, 0x0000000083b00000|100%| O|  |TAMS 0x0000000083a00000| PB 0x0000000083a00000| Untracked 
|  59|0x0000000083b00000, 0x0000000083c00000, 0x0000000083c00000|100%| O|  |TAMS 0x0000000083b00000| PB 0x0000000083b00000| Untracked 
|  60|0x0000000083c00000, 0x0000000083d00000, 0x0000000083d00000|100%| O|  |TAMS 0x0000000083c00000| PB 0x0000000083c00000| Untracked 
|  61|0x0000000083d00000, 0x0000000083e00000, 0x0000000083e00000|100%| O|  |TAMS 0x0000000083d00000| PB 0x0000000083d00000| Untracked 
|  62|0x0000000083e00000, 0x0000000083f00000, 0x0000000083f00000|100%| O|  |TAMS 0x0000000083e00000| PB 0x0000000083e00000| Untracked 
|  63|0x0000000083f00000, 0x0000000084000000, 0x0000000084000000|100%| O|  |TAMS 0x0000000083f00000| PB 0x0000000083f00000| Untracked 
|  64|0x0000000084000000, 0x0000000084100000, 0x0000000084100000|100%| O|  |TAMS 0x0000000084000000| PB 0x0000000084000000| Untracked 
|  65|0x0000000084100000, 0x0000000084100000, 0x0000000084200000|  0%| F|  |TAMS 0x0000000084100000| PB 0x0000000084100000| Untracked 
|  66|0x0000000084200000, 0x0000000084300000, 0x0000000084300000|100%| O|  |TAMS 0x0000000084200000| PB 0x0000000084200000| Untracked 
|  67|0x0000000084300000, 0x0000000084400000, 0x0000000084400000|100%| O|  |TAMS 0x0000000084300000| PB 0x0000000084300000| Untracked 
|  68|0x0000000084400000, 0x0000000084500000, 0x0000000084500000|100%| O|  |TAMS 0x0000000084400000| PB 0x0000000084400000| Untracked 
|  69|0x0000000084500000, 0x0000000084500000, 0x0000000084600000|  0%| F|  |TAMS 0x0000000084500000| PB 0x0000000084500000| Untracked 
|  70|0x0000000084600000, 0x0000000084700000, 0x0000000084700000|100%| O|  |TAMS 0x0000000084600000| PB 0x0000000084600000| Untracked 
|  71|0x0000000084700000, 0x0000000084800000, 0x0000000084800000|100%| O|  |TAMS 0x0000000084700000| PB 0x0000000084700000| Untracked 
|  72|0x0000000084800000, 0x0000000084900000, 0x0000000084900000|100%| O|  |TAMS 0x0000000084800000| PB 0x0000000084800000| Untracked 
|  73|0x0000000084900000, 0x0000000084a00000, 0x0000000084a00000|100%| O|  |TAMS 0x0000000084900000| PB 0x0000000084900000| Untracked 
|  74|0x0000000084a00000, 0x0000000084b00000, 0x0000000084b00000|100%| O|  |TAMS 0x0000000084a00000| PB 0x0000000084a00000| Untracked 
|  75|0x0000000084b00000, 0x0000000084c00000, 0x0000000084c00000|100%|HS|  |TAMS 0x0000000084b00000| PB 0x0000000084b00000| Complete 
|  76|0x0000000084c00000, 0x0000000084d00000, 0x0000000084d00000|100%| O|  |TAMS 0x0000000084c00000| PB 0x0000000084c00000| Untracked 
|  77|0x0000000084d00000, 0x0000000084e00000, 0x0000000084e00000|100%| O|  |TAMS 0x0000000084d00000| PB 0x0000000084d00000| Untracked 
|  78|0x0000000084e00000, 0x0000000084f00000, 0x0000000084f00000|100%| O|  |TAMS 0x0000000084e00000| PB 0x0000000084e00000| Untracked 
|  79|0x0000000084f00000, 0x0000000085000000, 0x0000000085000000|100%| O|  |TAMS 0x0000000084f00000| PB 0x0000000084f00000| Untracked 
|  80|0x0000000085000000, 0x0000000085100000, 0x0000000085100000|100%| O|  |TAMS 0x0000000085000000| PB 0x0000000085000000| Untracked 
|  81|0x0000000085100000, 0x0000000085200000, 0x0000000085200000|100%| O|  |TAMS 0x0000000085100000| PB 0x0000000085100000| Untracked 
|  82|0x0000000085200000, 0x0000000085300000, 0x0000000085300000|100%| O|  |TAMS 0x0000000085200000| PB 0x0000000085200000| Untracked 
|  83|0x0000000085300000, 0x0000000085400000, 0x0000000085400000|100%| O|  |TAMS 0x0000000085300000| PB 0x0000000085300000| Untracked 
|  84|0x0000000085400000, 0x0000000085500000, 0x0000000085500000|100%| O|  |TAMS 0x0000000085400000| PB 0x0000000085400000| Untracked 
|  85|0x0000000085500000, 0x0000000085600000, 0x0000000085600000|100%| O|  |TAMS 0x0000000085500000| PB 0x0000000085500000| Untracked 
|  86|0x0000000085600000, 0x0000000085700000, 0x0000000085700000|100%| O|  |TAMS 0x0000000085600000| PB 0x0000000085600000| Untracked 
|  87|0x0000000085700000, 0x0000000085800000, 0x0000000085800000|100%| O|  |TAMS 0x0000000085700000| PB 0x0000000085700000| Untracked 
|  88|0x0000000085800000, 0x0000000085900000, 0x0000000085900000|100%| O|  |TAMS 0x0000000085800000| PB 0x0000000085800000| Untracked 
|  89|0x0000000085900000, 0x0000000085a00000, 0x0000000085a00000|100%| O|  |TAMS 0x0000000085900000| PB 0x0000000085900000| Untracked 
|  90|0x0000000085a00000, 0x0000000085b00000, 0x0000000085b00000|100%| O|  |TAMS 0x0000000085a00000| PB 0x0000000085a00000| Untracked 
|  91|0x0000000085b00000, 0x0000000085c00000, 0x0000000085c00000|100%|HS|  |TAMS 0x0000000085b00000| PB 0x0000000085b00000| Complete 
|  92|0x0000000085c00000, 0x0000000085d00000, 0x0000000085d00000|100%|HC|  |TAMS 0x0000000085c00000| PB 0x0000000085c00000| Complete 
|  93|0x0000000085d00000, 0x0000000085e00000, 0x0000000085e00000|100%| O|  |TAMS 0x0000000085d00000| PB 0x0000000085d00000| Untracked 
|  94|0x0000000085e00000, 0x0000000085f00000, 0x0000000085f00000|100%| O|  |TAMS 0x0000000085e00000| PB 0x0000000085e00000| Untracked 
|  95|0x0000000085f00000, 0x0000000086000000, 0x0000000086000000|100%| O|  |TAMS 0x0000000085f00000| PB 0x0000000085f00000| Untracked 
|  96|0x0000000086000000, 0x0000000086100000, 0x0000000086100000|100%| O|  |TAMS 0x0000000086000000| PB 0x0000000086000000| Untracked 
|  97|0x0000000086100000, 0x0000000086200000, 0x0000000086200000|100%| O|  |TAMS 0x0000000086100000| PB 0x0000000086100000| Untracked 
|  98|0x0000000086200000, 0x0000000086300000, 0x0000000086300000|100%| O|  |TAMS 0x0000000086200000| PB 0x0000000086200000| Untracked 
|  99|0x0000000086300000, 0x0000000086400000, 0x0000000086400000|100%| O|  |TAMS 0x0000000086300000| PB 0x0000000086300000| Untracked 
| 100|0x0000000086400000, 0x0000000086500000, 0x0000000086500000|100%| O|  |TAMS 0x0000000086400000| PB 0x0000000086400000| Untracked 
| 101|0x0000000086500000, 0x0000000086600000, 0x0000000086600000|100%| O|  |TAMS 0x0000000086500000| PB 0x0000000086500000| Untracked 
| 102|0x0000000086600000, 0x0000000086700000, 0x0000000086700000|100%| O|  |TAMS 0x0000000086600000| PB 0x0000000086600000| Untracked 
| 103|0x0000000086700000, 0x0000000086800000, 0x0000000086800000|100%| O|  |TAMS 0x0000000086700000| PB 0x0000000086700000| Untracked 
| 104|0x0000000086800000, 0x0000000086900000, 0x0000000086900000|100%| O|  |TAMS 0x0000000086800000| PB 0x0000000086800000| Untracked 
| 105|0x0000000086900000, 0x0000000086a00000, 0x0000000086a00000|100%| O|  |TAMS 0x0000000086900000| PB 0x0000000086900000| Untracked 
| 106|0x0000000086a00000, 0x0000000086b00000, 0x0000000086b00000|100%| O|  |TAMS 0x0000000086a00000| PB 0x0000000086a00000| Untracked 
| 107|0x0000000086b00000, 0x0000000086b00000, 0x0000000086c00000|  0%| F|  |TAMS 0x0000000086b00000| PB 0x0000000086b00000| Untracked 
| 108|0x0000000086c00000, 0x0000000086d00000, 0x0000000086d00000|100%| O|  |TAMS 0x0000000086c00000| PB 0x0000000086c00000| Untracked 
| 109|0x0000000086d00000, 0x0000000086e00000, 0x0000000086e00000|100%| O|  |TAMS 0x0000000086d00000| PB 0x0000000086d00000| Untracked 
| 110|0x0000000086e00000, 0x0000000086f00000, 0x0000000086f00000|100%| O|  |TAMS 0x0000000086e00000| PB 0x0000000086e00000| Untracked 
| 111|0x0000000086f00000, 0x0000000087000000, 0x0000000087000000|100%| O|  |TAMS 0x0000000086f00000| PB 0x0000000086f00000| Untracked 
| 112|0x0000000087000000, 0x0000000087100000, 0x0000000087100000|100%| O|  |TAMS 0x0000000087000000| PB 0x0000000087000000| Untracked 
| 113|0x0000000087100000, 0x0000000087200000, 0x0000000087200000|100%| O|  |TAMS 0x0000000087100000| PB 0x0000000087100000| Untracked 
| 114|0x0000000087200000, 0x0000000087300000, 0x0000000087300000|100%| O|  |TAMS 0x0000000087200000| PB 0x0000000087200000| Untracked 
| 115|0x0000000087300000, 0x0000000087400000, 0x0000000087400000|100%| O|  |TAMS 0x0000000087300000| PB 0x0000000087300000| Untracked 
| 116|0x0000000087400000, 0x0000000087500000, 0x0000000087500000|100%| O|  |TAMS 0x0000000087400000| PB 0x0000000087400000| Untracked 
| 117|0x0000000087500000, 0x0000000087600000, 0x0000000087600000|100%| O|  |TAMS 0x0000000087500000| PB 0x0000000087500000| Untracked 
| 118|0x0000000087600000, 0x0000000087700000, 0x0000000087700000|100%| O|  |TAMS 0x0000000087600000| PB 0x0000000087600000| Untracked 
| 119|0x0000000087700000, 0x0000000087800000, 0x0000000087800000|100%| O|  |TAMS 0x0000000087700000| PB 0x0000000087700000| Untracked 
| 120|0x0000000087800000, 0x0000000087900000, 0x0000000087900000|100%| O|  |TAMS 0x0000000087800000| PB 0x0000000087800000| Untracked 
| 121|0x0000000087900000, 0x0000000087a00000, 0x0000000087a00000|100%| O|  |TAMS 0x0000000087900000| PB 0x0000000087900000| Untracked 
| 122|0x0000000087a00000, 0x0000000087b00000, 0x0000000087b00000|100%| O|  |TAMS 0x0000000087a00000| PB 0x0000000087a00000| Untracked 
| 123|0x0000000087b00000, 0x0000000087c00000, 0x0000000087c00000|100%| O|  |TAMS 0x0000000087b00000| PB 0x0000000087b00000| Untracked 
| 124|0x0000000087c00000, 0x0000000087d00000, 0x0000000087d00000|100%| O|  |TAMS 0x0000000087c00000| PB 0x0000000087c00000| Untracked 
| 125|0x0000000087d00000, 0x0000000087e00000, 0x0000000087e00000|100%| O|  |TAMS 0x0000000087d00000| PB 0x0000000087d00000| Untracked 
| 126|0x0000000087e00000, 0x0000000087f00000, 0x0000000087f00000|100%| O|  |TAMS 0x0000000087e00000| PB 0x0000000087e00000| Untracked 
| 127|0x0000000087f00000, 0x0000000088000000, 0x0000000088000000|100%| O|  |TAMS 0x0000000087f00000| PB 0x0000000087f00000| Untracked 
| 128|0x0000000088000000, 0x0000000088100000, 0x0000000088100000|100%| O|  |TAMS 0x0000000088000000| PB 0x0000000088000000| Untracked 
| 129|0x0000000088100000, 0x0000000088200000, 0x0000000088200000|100%| O|  |TAMS 0x0000000088100000| PB 0x0000000088100000| Untracked 
| 130|0x0000000088200000, 0x0000000088300000, 0x0000000088300000|100%| O|  |TAMS 0x0000000088200000| PB 0x0000000088200000| Untracked 
| 131|0x0000000088300000, 0x0000000088400000, 0x0000000088400000|100%| O|  |TAMS 0x0000000088300000| PB 0x0000000088300000| Untracked 
| 132|0x0000000088400000, 0x0000000088500000, 0x0000000088500000|100%| O|  |TAMS 0x0000000088400000| PB 0x0000000088400000| Untracked 
| 133|0x0000000088500000, 0x0000000088600000, 0x0000000088600000|100%| O|  |TAMS 0x0000000088500000| PB 0x0000000088500000| Untracked 
| 134|0x0000000088600000, 0x0000000088700000, 0x0000000088700000|100%| O|  |TAMS 0x0000000088600000| PB 0x0000000088600000| Untracked 
| 135|0x0000000088700000, 0x0000000088800000, 0x0000000088800000|100%| O|  |TAMS 0x0000000088700000| PB 0x0000000088700000| Untracked 
| 136|0x0000000088800000, 0x0000000088900000, 0x0000000088900000|100%| O|  |TAMS 0x0000000088800000| PB 0x0000000088800000| Untracked 
| 137|0x0000000088900000, 0x0000000088a00000, 0x0000000088a00000|100%| O|  |TAMS 0x0000000088900000| PB 0x0000000088900000| Untracked 
| 138|0x0000000088a00000, 0x0000000088b00000, 0x0000000088b00000|100%| O|  |TAMS 0x0000000088a00000| PB 0x0000000088a00000| Untracked 
| 139|0x0000000088b00000, 0x0000000088c00000, 0x0000000088c00000|100%| O|  |TAMS 0x0000000088b00000| PB 0x0000000088b00000| Untracked 
| 140|0x0000000088c00000, 0x0000000088d00000, 0x0000000088d00000|100%| O|  |TAMS 0x0000000088c00000| PB 0x0000000088c00000| Untracked 
| 141|0x0000000088d00000, 0x0000000088e00000, 0x0000000088e00000|100%| O|  |TAMS 0x0000000088d00000| PB 0x0000000088d00000| Untracked 
| 142|0x0000000088e00000, 0x0000000088f00000, 0x0000000088f00000|100%| O|  |TAMS 0x0000000088e00000| PB 0x0000000088e00000| Untracked 
| 143|0x0000000088f00000, 0x0000000089000000, 0x0000000089000000|100%| O|  |TAMS 0x0000000088f00000| PB 0x0000000088f00000| Untracked 
| 144|0x0000000089000000, 0x0000000089100000, 0x0000000089100000|100%| O|  |TAMS 0x0000000089000000| PB 0x0000000089000000| Untracked 
| 145|0x0000000089100000, 0x0000000089200000, 0x0000000089200000|100%| O|  |TAMS 0x0000000089100000| PB 0x0000000089100000| Untracked 
| 146|0x0000000089200000, 0x0000000089300000, 0x0000000089300000|100%| O|  |TAMS 0x0000000089200000| PB 0x0000000089200000| Untracked 
| 147|0x0000000089300000, 0x0000000089400000, 0x0000000089400000|100%| O|  |TAMS 0x0000000089300000| PB 0x0000000089300000| Untracked 
| 148|0x0000000089400000, 0x0000000089500000, 0x0000000089500000|100%| O|  |TAMS 0x0000000089400000| PB 0x0000000089400000| Untracked 
| 149|0x0000000089500000, 0x0000000089600000, 0x0000000089600000|100%|HS|  |TAMS 0x0000000089500000| PB 0x0000000089500000| Complete 
| 150|0x0000000089600000, 0x0000000089700000, 0x0000000089700000|100%| O|  |TAMS 0x0000000089600000| PB 0x0000000089600000| Untracked 
| 151|0x0000000089700000, 0x0000000089800000, 0x0000000089800000|100%| O|  |TAMS 0x0000000089700000| PB 0x0000000089700000| Untracked 
| 152|0x0000000089800000, 0x0000000089900000, 0x0000000089900000|100%|HS|  |TAMS 0x0000000089800000| PB 0x0000000089800000| Complete 
| 153|0x0000000089900000, 0x0000000089a00000, 0x0000000089a00000|100%| O|  |TAMS 0x0000000089900000| PB 0x0000000089900000| Untracked 
| 154|0x0000000089a00000, 0x0000000089b00000, 0x0000000089b00000|100%| O|  |TAMS 0x0000000089a00000| PB 0x0000000089a00000| Untracked 
| 155|0x0000000089b00000, 0x0000000089c00000, 0x0000000089c00000|100%| O|  |TAMS 0x0000000089b00000| PB 0x0000000089b00000| Untracked 
| 156|0x0000000089c00000, 0x0000000089d00000, 0x0000000089d00000|100%|HS|  |TAMS 0x0000000089c00000| PB 0x0000000089c00000| Complete 
| 157|0x0000000089d00000, 0x0000000089e00000, 0x0000000089e00000|100%|HC|  |TAMS 0x0000000089d00000| PB 0x0000000089d00000| Complete 
| 158|0x0000000089e00000, 0x0000000089f00000, 0x0000000089f00000|100%|HC|  |TAMS 0x0000000089e00000| PB 0x0000000089e00000| Complete 
| 159|0x0000000089f00000, 0x000000008a000000, 0x000000008a000000|100%|HC|  |TAMS 0x0000000089f00000| PB 0x0000000089f00000| Complete 
| 160|0x000000008a000000, 0x000000008a100000, 0x000000008a100000|100%|HC|  |TAMS 0x000000008a000000| PB 0x000000008a000000| Complete 
| 161|0x000000008a100000, 0x000000008a200000, 0x000000008a200000|100%|HC|  |TAMS 0x000000008a100000| PB 0x000000008a100000| Complete 
| 162|0x000000008a200000, 0x000000008a300000, 0x000000008a300000|100%|HS|  |TAMS 0x000000008a200000| PB 0x000000008a200000| Complete 
| 163|0x000000008a300000, 0x000000008a400000, 0x000000008a400000|100%| O|  |TAMS 0x000000008a300000| PB 0x000000008a300000| Untracked 
| 164|0x000000008a400000, 0x000000008a500000, 0x000000008a500000|100%| O|  |TAMS 0x000000008a400000| PB 0x000000008a400000| Untracked 
| 165|0x000000008a500000, 0x000000008a600000, 0x000000008a600000|100%| O|  |TAMS 0x000000008a500000| PB 0x000000008a500000| Untracked 
| 166|0x000000008a600000, 0x000000008a700000, 0x000000008a700000|100%| O|  |TAMS 0x000000008a600000| PB 0x000000008a600000| Untracked 
| 167|0x000000008a700000, 0x000000008a800000, 0x000000008a800000|100%| O|  |TAMS 0x000000008a700000| PB 0x000000008a700000| Untracked 
| 168|0x000000008a800000, 0x000000008a900000, 0x000000008a900000|100%| O|  |TAMS 0x000000008a800000| PB 0x000000008a800000| Untracked 
| 169|0x000000008a900000, 0x000000008aa00000, 0x000000008aa00000|100%| O|  |TAMS 0x000000008a900000| PB 0x000000008a900000| Untracked 
| 170|0x000000008aa00000, 0x000000008ab00000, 0x000000008ab00000|100%| O|  |TAMS 0x000000008aa00000| PB 0x000000008aa00000| Untracked 
| 171|0x000000008ab00000, 0x000000008ac00000, 0x000000008ac00000|100%| O|  |TAMS 0x000000008ab00000| PB 0x000000008ab00000| Untracked 
| 172|0x000000008ac00000, 0x000000008ad00000, 0x000000008ad00000|100%| O|  |TAMS 0x000000008ac00000| PB 0x000000008ac00000| Untracked 
| 173|0x000000008ad00000, 0x000000008ae00000, 0x000000008ae00000|100%| O|  |TAMS 0x000000008ad00000| PB 0x000000008ad00000| Untracked 
| 174|0x000000008ae00000, 0x000000008af00000, 0x000000008af00000|100%| O|  |TAMS 0x000000008ae00000| PB 0x000000008ae00000| Untracked 
| 175|0x000000008af00000, 0x000000008b000000, 0x000000008b000000|100%| O|  |TAMS 0x000000008af00000| PB 0x000000008af00000| Untracked 
| 176|0x000000008b000000, 0x000000008b100000, 0x000000008b100000|100%| O|  |TAMS 0x000000008b000000| PB 0x000000008b000000| Untracked 
| 177|0x000000008b100000, 0x000000008b200000, 0x000000008b200000|100%| O|  |TAMS 0x000000008b100000| PB 0x000000008b100000| Untracked 
| 178|0x000000008b200000, 0x000000008b300000, 0x000000008b300000|100%| O|  |TAMS 0x000000008b200000| PB 0x000000008b200000| Untracked 
| 179|0x000000008b300000, 0x000000008b400000, 0x000000008b400000|100%| O|  |TAMS 0x000000008b300000| PB 0x000000008b300000| Untracked 
| 180|0x000000008b400000, 0x000000008b500000, 0x000000008b500000|100%| O|  |TAMS 0x000000008b400000| PB 0x000000008b400000| Untracked 
| 181|0x000000008b500000, 0x000000008b600000, 0x000000008b600000|100%| O|  |TAMS 0x000000008b500000| PB 0x000000008b500000| Untracked 
| 182|0x000000008b600000, 0x000000008b700000, 0x000000008b700000|100%| O|  |TAMS 0x000000008b600000| PB 0x000000008b600000| Untracked 
| 183|0x000000008b700000, 0x000000008b800000, 0x000000008b800000|100%| O|  |TAMS 0x000000008b700000| PB 0x000000008b700000| Untracked 
| 184|0x000000008b800000, 0x000000008b900000, 0x000000008b900000|100%| O|  |TAMS 0x000000008b800000| PB 0x000000008b800000| Untracked 
| 185|0x000000008b900000, 0x000000008ba00000, 0x000000008ba00000|100%| O|  |TAMS 0x000000008b900000| PB 0x000000008b900000| Untracked 
| 186|0x000000008ba00000, 0x000000008bb00000, 0x000000008bb00000|100%| O|  |TAMS 0x000000008ba00000| PB 0x000000008ba00000| Untracked 
| 187|0x000000008bb00000, 0x000000008bc00000, 0x000000008bc00000|100%| O|  |TAMS 0x000000008bb00000| PB 0x000000008bb00000| Untracked 
| 188|0x000000008bc00000, 0x000000008bd00000, 0x000000008bd00000|100%| O|  |TAMS 0x000000008bc00000| PB 0x000000008bc00000| Untracked 
| 189|0x000000008bd00000, 0x000000008be00000, 0x000000008be00000|100%| O|  |TAMS 0x000000008bd00000| PB 0x000000008bd00000| Untracked 
| 190|0x000000008be00000, 0x000000008bf00000, 0x000000008bf00000|100%| O|  |TAMS 0x000000008be00000| PB 0x000000008be00000| Untracked 
| 191|0x000000008bf00000, 0x000000008c000000, 0x000000008c000000|100%| O|  |TAMS 0x000000008bf00000| PB 0x000000008bf00000| Untracked 
| 192|0x000000008c000000, 0x000000008c100000, 0x000000008c100000|100%| O|  |TAMS 0x000000008c000000| PB 0x000000008c000000| Untracked 
| 193|0x000000008c100000, 0x000000008c200000, 0x000000008c200000|100%| O|  |TAMS 0x000000008c100000| PB 0x000000008c100000| Untracked 
| 194|0x000000008c200000, 0x000000008c300000, 0x000000008c300000|100%|HS|  |TAMS 0x000000008c200000| PB 0x000000008c200000| Complete 
| 195|0x000000008c300000, 0x000000008c400000, 0x000000008c400000|100%|HC|  |TAMS 0x000000008c300000| PB 0x000000008c300000| Complete 
| 196|0x000000008c400000, 0x000000008c500000, 0x000000008c500000|100%| O|  |TAMS 0x000000008c400000| PB 0x000000008c400000| Untracked 
| 197|0x000000008c500000, 0x000000008c600000, 0x000000008c600000|100%| O|  |TAMS 0x000000008c500000| PB 0x000000008c500000| Untracked 
| 198|0x000000008c600000, 0x000000008c700000, 0x000000008c700000|100%| O|  |TAMS 0x000000008c600000| PB 0x000000008c600000| Untracked 
| 199|0x000000008c700000, 0x000000008c800000, 0x000000008c800000|100%| O|  |TAMS 0x000000008c700000| PB 0x000000008c700000| Untracked 
| 200|0x000000008c800000, 0x000000008c900000, 0x000000008c900000|100%|HS|  |TAMS 0x000000008c800000| PB 0x000000008c800000| Complete 
| 201|0x000000008c900000, 0x000000008ca00000, 0x000000008ca00000|100%|HS|  |TAMS 0x000000008c900000| PB 0x000000008c900000| Complete 
| 202|0x000000008ca00000, 0x000000008cb00000, 0x000000008cb00000|100%|HC|  |TAMS 0x000000008ca00000| PB 0x000000008ca00000| Complete 
| 203|0x000000008cb00000, 0x000000008cc00000, 0x000000008cc00000|100%|HC|  |TAMS 0x000000008cb00000| PB 0x000000008cb00000| Complete 
| 204|0x000000008cc00000, 0x000000008cd00000, 0x000000008cd00000|100%|HC|  |TAMS 0x000000008cc00000| PB 0x000000008cc00000| Complete 
| 205|0x000000008cd00000, 0x000000008ce00000, 0x000000008ce00000|100%|HC|  |TAMS 0x000000008cd00000| PB 0x000000008cd00000| Complete 
| 206|0x000000008ce00000, 0x000000008cf00000, 0x000000008cf00000|100%|HC|  |TAMS 0x000000008ce00000| PB 0x000000008ce00000| Complete 
| 207|0x000000008cf00000, 0x000000008d000000, 0x000000008d000000|100%| O|  |TAMS 0x000000008cf00000| PB 0x000000008cf00000| Untracked 
| 208|0x000000008d000000, 0x000000008d100000, 0x000000008d100000|100%| O|  |TAMS 0x000000008d000000| PB 0x000000008d000000| Untracked 
| 209|0x000000008d100000, 0x000000008d200000, 0x000000008d200000|100%| O|  |TAMS 0x000000008d100000| PB 0x000000008d100000| Untracked 
| 210|0x000000008d200000, 0x000000008d300000, 0x000000008d300000|100%| O|  |TAMS 0x000000008d200000| PB 0x000000008d200000| Untracked 
| 211|0x000000008d300000, 0x000000008d400000, 0x000000008d400000|100%| O|  |TAMS 0x000000008d300000| PB 0x000000008d300000| Untracked 
| 212|0x000000008d400000, 0x000000008d500000, 0x000000008d500000|100%| O|  |TAMS 0x000000008d400000| PB 0x000000008d400000| Untracked 
| 213|0x000000008d500000, 0x000000008d600000, 0x000000008d600000|100%| O|  |TAMS 0x000000008d500000| PB 0x000000008d500000| Untracked 
| 214|0x000000008d600000, 0x000000008d700000, 0x000000008d700000|100%|HS|  |TAMS 0x000000008d600000| PB 0x000000008d600000| Complete 
| 215|0x000000008d700000, 0x000000008d800000, 0x000000008d800000|100%| O|  |TAMS 0x000000008d700000| PB 0x000000008d700000| Untracked 
| 216|0x000000008d800000, 0x000000008d900000, 0x000000008d900000|100%| O|  |TAMS 0x000000008d800000| PB 0x000000008d800000| Untracked 
| 217|0x000000008d900000, 0x000000008da00000, 0x000000008da00000|100%| O|  |TAMS 0x000000008d900000| PB 0x000000008d900000| Untracked 
| 218|0x000000008da00000, 0x000000008db00000, 0x000000008db00000|100%| O|  |TAMS 0x000000008da00000| PB 0x000000008da00000| Untracked 
| 219|0x000000008db00000, 0x000000008dc00000, 0x000000008dc00000|100%| O|  |TAMS 0x000000008db00000| PB 0x000000008db00000| Untracked 
| 220|0x000000008dc00000, 0x000000008dd00000, 0x000000008dd00000|100%| O|  |TAMS 0x000000008dc00000| PB 0x000000008dc00000| Untracked 
| 221|0x000000008dd00000, 0x000000008de00000, 0x000000008de00000|100%|HS|  |TAMS 0x000000008dd00000| PB 0x000000008dd00000| Complete 
| 222|0x000000008de00000, 0x000000008df00000, 0x000000008df00000|100%| O|  |TAMS 0x000000008de00000| PB 0x000000008de00000| Untracked 
| 223|0x000000008df00000, 0x000000008e000000, 0x000000008e000000|100%| O|  |TAMS 0x000000008df00000| PB 0x000000008df00000| Untracked 
| 224|0x000000008e000000, 0x000000008e100000, 0x000000008e100000|100%| O|  |TAMS 0x000000008e000000| PB 0x000000008e000000| Untracked 
| 225|0x000000008e100000, 0x000000008e200000, 0x000000008e200000|100%| O|  |TAMS 0x000000008e100000| PB 0x000000008e100000| Untracked 
| 226|0x000000008e200000, 0x000000008e300000, 0x000000008e300000|100%| O|  |TAMS 0x000000008e200000| PB 0x000000008e200000| Untracked 
| 227|0x000000008e300000, 0x000000008e400000, 0x000000008e400000|100%| O|  |TAMS 0x000000008e300000| PB 0x000000008e300000| Untracked 
| 228|0x000000008e400000, 0x000000008e500000, 0x000000008e500000|100%| O|  |TAMS 0x000000008e400000| PB 0x000000008e400000| Untracked 
| 229|0x000000008e500000, 0x000000008e600000, 0x000000008e600000|100%| O|  |TAMS 0x000000008e500000| PB 0x000000008e500000| Untracked 
| 230|0x000000008e600000, 0x000000008e700000, 0x000000008e700000|100%| O|  |TAMS 0x000000008e600000| PB 0x000000008e600000| Untracked 
| 231|0x000000008e700000, 0x000000008e800000, 0x000000008e800000|100%| O|  |TAMS 0x000000008e700000| PB 0x000000008e700000| Untracked 
| 232|0x000000008e800000, 0x000000008e900000, 0x000000008e900000|100%| O|  |TAMS 0x000000008e800000| PB 0x000000008e800000| Untracked 
| 233|0x000000008e900000, 0x000000008ea00000, 0x000000008ea00000|100%|HS|  |TAMS 0x000000008e900000| PB 0x000000008e900000| Complete 
| 234|0x000000008ea00000, 0x000000008eb00000, 0x000000008eb00000|100%| O|  |TAMS 0x000000008ea00000| PB 0x000000008ea00000| Untracked 
| 235|0x000000008eb00000, 0x000000008ec00000, 0x000000008ec00000|100%| O|  |TAMS 0x000000008eb00000| PB 0x000000008eb00000| Untracked 
| 236|0x000000008ec00000, 0x000000008ed00000, 0x000000008ed00000|100%| O|  |TAMS 0x000000008ec00000| PB 0x000000008ec00000| Untracked 
| 237|0x000000008ed00000, 0x000000008ee00000, 0x000000008ee00000|100%| O|  |TAMS 0x000000008ed00000| PB 0x000000008ed00000| Untracked 
| 238|0x000000008ee00000, 0x000000008ef00000, 0x000000008ef00000|100%| O|  |TAMS 0x000000008ee00000| PB 0x000000008ee00000| Untracked 
| 239|0x000000008ef00000, 0x000000008f000000, 0x000000008f000000|100%| O|  |TAMS 0x000000008ef00000| PB 0x000000008ef00000| Untracked 
| 240|0x000000008f000000, 0x000000008f100000, 0x000000008f100000|100%|HS|  |TAMS 0x000000008f000000| PB 0x000000008f000000| Complete 
| 241|0x000000008f100000, 0x000000008f200000, 0x000000008f200000|100%| O|  |TAMS 0x000000008f100000| PB 0x000000008f100000| Untracked 
| 242|0x000000008f200000, 0x000000008f300000, 0x000000008f300000|100%| O|  |TAMS 0x000000008f200000| PB 0x000000008f200000| Untracked 
| 243|0x000000008f300000, 0x000000008f400000, 0x000000008f400000|100%| O|  |TAMS 0x000000008f300000| PB 0x000000008f300000| Untracked 
| 244|0x000000008f400000, 0x000000008f500000, 0x000000008f500000|100%| O|  |TAMS 0x000000008f400000| PB 0x000000008f400000| Untracked 
| 245|0x000000008f500000, 0x000000008f600000, 0x000000008f600000|100%| O|  |TAMS 0x000000008f500000| PB 0x000000008f500000| Untracked 
| 246|0x000000008f600000, 0x000000008f700000, 0x000000008f700000|100%| O|  |TAMS 0x000000008f600000| PB 0x000000008f600000| Untracked 
| 247|0x000000008f700000, 0x000000008f800000, 0x000000008f800000|100%|HS|  |TAMS 0x000000008f700000| PB 0x000000008f700000| Complete 
| 248|0x000000008f800000, 0x000000008f900000, 0x000000008f900000|100%|HC|  |TAMS 0x000000008f800000| PB 0x000000008f800000| Complete 
| 249|0x000000008f900000, 0x000000008fa00000, 0x000000008fa00000|100%|HS|  |TAMS 0x000000008f900000| PB 0x000000008f900000| Complete 
| 250|0x000000008fa00000, 0x000000008fb00000, 0x000000008fb00000|100%|HC|  |TAMS 0x000000008fa00000| PB 0x000000008fa00000| Complete 
| 251|0x000000008fb00000, 0x000000008fc00000, 0x000000008fc00000|100%|HS|  |TAMS 0x000000008fb00000| PB 0x000000008fb00000| Complete 
| 252|0x000000008fc00000, 0x000000008fd00000, 0x000000008fd00000|100%| O|  |TAMS 0x000000008fc00000| PB 0x000000008fc00000| Untracked 
| 253|0x000000008fd00000, 0x000000008fe00000, 0x000000008fe00000|100%| O|  |TAMS 0x000000008fd00000| PB 0x000000008fd00000| Untracked 
| 254|0x000000008fe00000, 0x000000008ff00000, 0x000000008ff00000|100%| O|  |TAMS 0x000000008fe00000| PB 0x000000008fe00000| Untracked 
| 255|0x000000008ff00000, 0x0000000090000000, 0x0000000090000000|100%| O|  |TAMS 0x000000008ff00000| PB 0x000000008ff00000| Untracked 
| 256|0x0000000090000000, 0x0000000090100000, 0x0000000090100000|100%|HS|  |TAMS 0x0000000090000000| PB 0x0000000090000000| Complete 
| 257|0x0000000090100000, 0x0000000090200000, 0x0000000090200000|100%| O|  |TAMS 0x0000000090100000| PB 0x0000000090100000| Untracked 
| 258|0x0000000090200000, 0x0000000090300000, 0x0000000090300000|100%| O|  |TAMS 0x0000000090200000| PB 0x0000000090200000| Untracked 
| 259|0x0000000090300000, 0x0000000090400000, 0x0000000090400000|100%| O|  |TAMS 0x0000000090300000| PB 0x0000000090300000| Untracked 
| 260|0x0000000090400000, 0x0000000090500000, 0x0000000090500000|100%| O|  |TAMS 0x0000000090400000| PB 0x0000000090400000| Untracked 
| 261|0x0000000090500000, 0x0000000090600000, 0x0000000090600000|100%| O|  |TAMS 0x0000000090500000| PB 0x0000000090500000| Untracked 
| 262|0x0000000090600000, 0x0000000090700000, 0x0000000090700000|100%| O|  |TAMS 0x0000000090600000| PB 0x0000000090600000| Untracked 
| 263|0x0000000090700000, 0x0000000090800000, 0x0000000090800000|100%| O|  |TAMS 0x0000000090700000| PB 0x0000000090700000| Untracked 
| 264|0x0000000090800000, 0x0000000090900000, 0x0000000090900000|100%| O|  |TAMS 0x0000000090800000| PB 0x0000000090800000| Untracked 
| 265|0x0000000090900000, 0x0000000090a00000, 0x0000000090a00000|100%| O|  |TAMS 0x0000000090900000| PB 0x0000000090900000| Untracked 
| 266|0x0000000090a00000, 0x0000000090b00000, 0x0000000090b00000|100%| O|  |TAMS 0x0000000090a00000| PB 0x0000000090a00000| Untracked 
| 267|0x0000000090b00000, 0x0000000090c00000, 0x0000000090c00000|100%| O|  |TAMS 0x0000000090b00000| PB 0x0000000090b00000| Untracked 
| 268|0x0000000090c00000, 0x0000000090d00000, 0x0000000090d00000|100%| O|  |TAMS 0x0000000090c00000| PB 0x0000000090c00000| Untracked 
| 269|0x0000000090d00000, 0x0000000090e00000, 0x0000000090e00000|100%| O|  |TAMS 0x0000000090d00000| PB 0x0000000090d00000| Untracked 
| 270|0x0000000090e00000, 0x0000000090f00000, 0x0000000090f00000|100%| O|  |TAMS 0x0000000090e00000| PB 0x0000000090e00000| Untracked 
| 271|0x0000000090f00000, 0x0000000091000000, 0x0000000091000000|100%| O|  |TAMS 0x0000000090f00000| PB 0x0000000090f00000| Untracked 
| 272|0x0000000091000000, 0x0000000091100000, 0x0000000091100000|100%| O|  |TAMS 0x0000000091000000| PB 0x0000000091000000| Untracked 
| 273|0x0000000091100000, 0x0000000091200000, 0x0000000091200000|100%| O|  |TAMS 0x0000000091100000| PB 0x0000000091100000| Untracked 
| 274|0x0000000091200000, 0x0000000091300000, 0x0000000091300000|100%| O|  |TAMS 0x0000000091200000| PB 0x0000000091200000| Untracked 
| 275|0x0000000091300000, 0x0000000091400000, 0x0000000091400000|100%| O|  |TAMS 0x0000000091300000| PB 0x0000000091300000| Untracked 
| 276|0x0000000091400000, 0x0000000091500000, 0x0000000091500000|100%| O|  |TAMS 0x0000000091400000| PB 0x0000000091400000| Untracked 
| 277|0x0000000091500000, 0x0000000091600000, 0x0000000091600000|100%| O|  |TAMS 0x0000000091500000| PB 0x0000000091500000| Untracked 
| 278|0x0000000091600000, 0x0000000091700000, 0x0000000091700000|100%| O|  |TAMS 0x0000000091600000| PB 0x0000000091600000| Untracked 
| 279|0x0000000091700000, 0x0000000091800000, 0x0000000091800000|100%| O|  |TAMS 0x0000000091700000| PB 0x0000000091700000| Untracked 
| 280|0x0000000091800000, 0x0000000091900000, 0x0000000091900000|100%| O|  |TAMS 0x0000000091800000| PB 0x0000000091800000| Untracked 
| 281|0x0000000091900000, 0x0000000091a00000, 0x0000000091a00000|100%| O|  |TAMS 0x0000000091900000| PB 0x0000000091900000| Untracked 
| 282|0x0000000091a00000, 0x0000000091b00000, 0x0000000091b00000|100%| O|  |TAMS 0x0000000091a00000| PB 0x0000000091a00000| Untracked 
| 283|0x0000000091b00000, 0x0000000091c00000, 0x0000000091c00000|100%| O|  |TAMS 0x0000000091b00000| PB 0x0000000091b00000| Untracked 
| 284|0x0000000091c00000, 0x0000000091d00000, 0x0000000091d00000|100%| O|  |TAMS 0x0000000091c00000| PB 0x0000000091c00000| Untracked 
| 285|0x0000000091d00000, 0x0000000091e00000, 0x0000000091e00000|100%| O|  |TAMS 0x0000000091d00000| PB 0x0000000091d00000| Untracked 
| 286|0x0000000091e00000, 0x0000000091f00000, 0x0000000091f00000|100%| O|  |TAMS 0x0000000091e00000| PB 0x0000000091e00000| Untracked 
| 287|0x0000000091f00000, 0x0000000092000000, 0x0000000092000000|100%| O|  |TAMS 0x0000000091f00000| PB 0x0000000091f00000| Untracked 
| 288|0x0000000092000000, 0x0000000092100000, 0x0000000092100000|100%| O|  |TAMS 0x0000000092000000| PB 0x0000000092000000| Untracked 
| 289|0x0000000092100000, 0x0000000092200000, 0x0000000092200000|100%| O|  |TAMS 0x0000000092100000| PB 0x0000000092100000| Untracked 
| 290|0x0000000092200000, 0x0000000092300000, 0x0000000092300000|100%| O|  |TAMS 0x0000000092200000| PB 0x0000000092200000| Untracked 
| 291|0x0000000092300000, 0x0000000092400000, 0x0000000092400000|100%| O|  |TAMS 0x0000000092300000| PB 0x0000000092300000| Untracked 
| 292|0x0000000092400000, 0x0000000092500000, 0x0000000092500000|100%| O|  |TAMS 0x0000000092400000| PB 0x0000000092400000| Untracked 
| 293|0x0000000092500000, 0x0000000092500000, 0x0000000092600000|  0%| F|  |TAMS 0x0000000092500000| PB 0x0000000092500000| Untracked 
| 294|0x0000000092600000, 0x0000000092700000, 0x0000000092700000|100%| O|  |TAMS 0x0000000092600000| PB 0x0000000092600000| Untracked 
| 295|0x0000000092700000, 0x0000000092800000, 0x0000000092800000|100%| O|  |TAMS 0x0000000092700000| PB 0x0000000092700000| Untracked 
| 296|0x0000000092800000, 0x0000000092900000, 0x0000000092900000|100%| O|  |TAMS 0x0000000092800000| PB 0x0000000092800000| Untracked 
| 297|0x0000000092900000, 0x00000000929ce268, 0x0000000092a00000| 80%| O|  |TAMS 0x0000000092900000| PB 0x0000000092900000| Untracked 
| 298|0x0000000092a00000, 0x0000000092a00000, 0x0000000092b00000|  0%| F|  |TAMS 0x0000000092a00000| PB 0x0000000092a00000| Untracked 
| 299|0x0000000092b00000, 0x0000000092b00000, 0x0000000092c00000|  0%| F|  |TAMS 0x0000000092b00000| PB 0x0000000092b00000| Untracked 
| 300|0x0000000092c00000, 0x0000000092d00000, 0x0000000092d00000|100%| O|  |TAMS 0x0000000092c00000| PB 0x0000000092c00000| Untracked 
| 301|0x0000000092d00000, 0x0000000092e00000, 0x0000000092e00000|100%| O|  |TAMS 0x0000000092d00000| PB 0x0000000092d00000| Untracked 
| 302|0x0000000092e00000, 0x0000000092f00000, 0x0000000092f00000|100%| O|  |TAMS 0x0000000092e00000| PB 0x0000000092e00000| Untracked 
| 303|0x0000000092f00000, 0x0000000093000000, 0x0000000093000000|100%| O|  |TAMS 0x0000000092f00000| PB 0x0000000092f00000| Untracked 
| 304|0x0000000093000000, 0x0000000093100000, 0x0000000093100000|100%| O|  |TAMS 0x0000000093000000| PB 0x0000000093000000| Untracked 
| 305|0x0000000093100000, 0x0000000093200000, 0x0000000093200000|100%| O|  |TAMS 0x0000000093100000| PB 0x0000000093100000| Untracked 
| 306|0x0000000093200000, 0x0000000093300000, 0x0000000093300000|100%| O|  |TAMS 0x0000000093200000| PB 0x0000000093200000| Untracked 
| 307|0x0000000093300000, 0x0000000093400000, 0x0000000093400000|100%| O|  |TAMS 0x0000000093300000| PB 0x0000000093300000| Untracked 
| 308|0x0000000093400000, 0x0000000093500000, 0x0000000093500000|100%| O|  |TAMS 0x0000000093400000| PB 0x0000000093400000| Untracked 
| 309|0x0000000093500000, 0x0000000093600000, 0x0000000093600000|100%| O|  |TAMS 0x0000000093500000| PB 0x0000000093500000| Untracked 
| 310|0x0000000093600000, 0x0000000093700000, 0x0000000093700000|100%| O|  |TAMS 0x0000000093600000| PB 0x0000000093600000| Untracked 
| 311|0x0000000093700000, 0x0000000093800000, 0x0000000093800000|100%| O|  |TAMS 0x0000000093700000| PB 0x0000000093700000| Untracked 
| 312|0x0000000093800000, 0x0000000093900000, 0x0000000093900000|100%| O|  |TAMS 0x0000000093800000| PB 0x0000000093800000| Untracked 
| 313|0x0000000093900000, 0x0000000093a00000, 0x0000000093a00000|100%| O|  |TAMS 0x0000000093900000| PB 0x0000000093900000| Untracked 
| 314|0x0000000093a00000, 0x0000000093b00000, 0x0000000093b00000|100%| O|  |TAMS 0x0000000093a00000| PB 0x0000000093a00000| Untracked 
| 315|0x0000000093b00000, 0x0000000093c00000, 0x0000000093c00000|100%| O|  |TAMS 0x0000000093b00000| PB 0x0000000093b00000| Untracked 
| 316|0x0000000093c00000, 0x0000000093d00000, 0x0000000093d00000|100%| O|  |TAMS 0x0000000093c00000| PB 0x0000000093c00000| Untracked 
| 317|0x0000000093d00000, 0x0000000093e00000, 0x0000000093e00000|100%| O|  |TAMS 0x0000000093d00000| PB 0x0000000093d00000| Untracked 
| 318|0x0000000093e00000, 0x0000000093f00000, 0x0000000093f00000|100%| O|  |TAMS 0x0000000093e00000| PB 0x0000000093e00000| Untracked 
| 319|0x0000000093f00000, 0x0000000094000000, 0x0000000094000000|100%| O|  |TAMS 0x0000000093f00000| PB 0x0000000093f00000| Untracked 
| 320|0x0000000094000000, 0x0000000094100000, 0x0000000094100000|100%| O|  |TAMS 0x0000000094000000| PB 0x0000000094000000| Untracked 
| 321|0x0000000094100000, 0x0000000094200000, 0x0000000094200000|100%| O|  |TAMS 0x0000000094100000| PB 0x0000000094100000| Untracked 
| 322|0x0000000094200000, 0x0000000094300000, 0x0000000094300000|100%| O|  |TAMS 0x0000000094200000| PB 0x0000000094200000| Untracked 
| 323|0x0000000094300000, 0x0000000094400000, 0x0000000094400000|100%| O|  |TAMS 0x0000000094300000| PB 0x0000000094300000| Untracked 
| 324|0x0000000094400000, 0x0000000094500000, 0x0000000094500000|100%| O|  |TAMS 0x0000000094400000| PB 0x0000000094400000| Untracked 
| 325|0x0000000094500000, 0x0000000094600000, 0x0000000094600000|100%| O|  |TAMS 0x0000000094500000| PB 0x0000000094500000| Untracked 
| 326|0x0000000094600000, 0x0000000094700000, 0x0000000094700000|100%| O|  |TAMS 0x0000000094600000| PB 0x0000000094600000| Untracked 
| 327|0x0000000094700000, 0x0000000094800000, 0x0000000094800000|100%| O|  |TAMS 0x0000000094700000| PB 0x0000000094700000| Untracked 
| 328|0x0000000094800000, 0x0000000094900000, 0x0000000094900000|100%| O|  |TAMS 0x0000000094800000| PB 0x0000000094800000| Untracked 
| 329|0x0000000094900000, 0x0000000094900000, 0x0000000094a00000|  0%| F|  |TAMS 0x0000000094900000| PB 0x0000000094900000| Untracked 
| 330|0x0000000094a00000, 0x0000000094a00000, 0x0000000094b00000|  0%| F|  |TAMS 0x0000000094a00000| PB 0x0000000094a00000| Untracked 
| 331|0x0000000094b00000, 0x0000000094b00000, 0x0000000094c00000|  0%| F|  |TAMS 0x0000000094b00000| PB 0x0000000094b00000| Untracked 
| 332|0x0000000094c00000, 0x0000000094d00000, 0x0000000094d00000|100%| O|  |TAMS 0x0000000094c00000| PB 0x0000000094c00000| Untracked 
| 333|0x0000000094d00000, 0x0000000094e00000, 0x0000000094e00000|100%| O|  |TAMS 0x0000000094d00000| PB 0x0000000094d00000| Untracked 
| 334|0x0000000094e00000, 0x0000000094f00000, 0x0000000094f00000|100%| O|  |TAMS 0x0000000094e00000| PB 0x0000000094e00000| Untracked 
| 335|0x0000000094f00000, 0x0000000095000000, 0x0000000095000000|100%| O|  |TAMS 0x0000000094f00000| PB 0x0000000094f00000| Untracked 
| 336|0x0000000095000000, 0x0000000095100000, 0x0000000095100000|100%| O|  |TAMS 0x0000000095000000| PB 0x0000000095000000| Untracked 
| 337|0x0000000095100000, 0x0000000095200000, 0x0000000095200000|100%| O|  |TAMS 0x0000000095100000| PB 0x0000000095100000| Untracked 
| 338|0x0000000095200000, 0x0000000095300000, 0x0000000095300000|100%| O|  |TAMS 0x0000000095200000| PB 0x0000000095200000| Untracked 
| 339|0x0000000095300000, 0x0000000095400000, 0x0000000095400000|100%| O|  |TAMS 0x0000000095300000| PB 0x0000000095300000| Untracked 
| 340|0x0000000095400000, 0x0000000095500000, 0x0000000095500000|100%| O|  |TAMS 0x0000000095400000| PB 0x0000000095400000| Untracked 
| 341|0x0000000095500000, 0x0000000095600000, 0x0000000095600000|100%| O|  |TAMS 0x0000000095500000| PB 0x0000000095500000| Untracked 
| 342|0x0000000095600000, 0x0000000095600000, 0x0000000095700000|  0%| F|  |TAMS 0x0000000095600000| PB 0x0000000095600000| Untracked 
| 343|0x0000000095700000, 0x0000000095700000, 0x0000000095800000|  0%| F|  |TAMS 0x0000000095700000| PB 0x0000000095700000| Untracked 
| 344|0x0000000095800000, 0x0000000095800000, 0x0000000095900000|  0%| F|  |TAMS 0x0000000095800000| PB 0x0000000095800000| Untracked 
| 345|0x0000000095900000, 0x0000000095900000, 0x0000000095a00000|  0%| F|  |TAMS 0x0000000095900000| PB 0x0000000095900000| Untracked 
| 346|0x0000000095a00000, 0x0000000095a00000, 0x0000000095b00000|  0%| F|  |TAMS 0x0000000095a00000| PB 0x0000000095a00000| Untracked 
| 347|0x0000000095b00000, 0x0000000095b00000, 0x0000000095c00000|  0%| F|  |TAMS 0x0000000095b00000| PB 0x0000000095b00000| Untracked 
| 348|0x0000000095c00000, 0x0000000095c00000, 0x0000000095d00000|  0%| F|  |TAMS 0x0000000095c00000| PB 0x0000000095c00000| Untracked 
| 349|0x0000000095d00000, 0x0000000095d00000, 0x0000000095e00000|  0%| F|  |TAMS 0x0000000095d00000| PB 0x0000000095d00000| Untracked 
| 350|0x0000000095e00000, 0x0000000095e00000, 0x0000000095f00000|  0%| F|  |TAMS 0x0000000095e00000| PB 0x0000000095e00000| Untracked 
| 351|0x0000000095f00000, 0x0000000095f00000, 0x0000000096000000|  0%| F|  |TAMS 0x0000000095f00000| PB 0x0000000095f00000| Untracked 
| 352|0x0000000096000000, 0x0000000096000000, 0x0000000096100000|  0%| F|  |TAMS 0x0000000096000000| PB 0x0000000096000000| Untracked 
| 353|0x0000000096100000, 0x0000000096100000, 0x0000000096200000|  0%| F|  |TAMS 0x0000000096100000| PB 0x0000000096100000| Untracked 
| 354|0x0000000096200000, 0x0000000096200000, 0x0000000096300000|  0%| F|  |TAMS 0x0000000096200000| PB 0x0000000096200000| Untracked 
| 355|0x0000000096300000, 0x0000000096300000, 0x0000000096400000|  0%| F|  |TAMS 0x0000000096300000| PB 0x0000000096300000| Untracked 
| 356|0x0000000096400000, 0x0000000096400000, 0x0000000096500000|  0%| F|  |TAMS 0x0000000096400000| PB 0x0000000096400000| Untracked 
| 357|0x0000000096500000, 0x0000000096500000, 0x0000000096600000|  0%| F|  |TAMS 0x0000000096500000| PB 0x0000000096500000| Untracked 
| 358|0x0000000096600000, 0x0000000096600000, 0x0000000096700000|  0%| F|  |TAMS 0x0000000096600000| PB 0x0000000096600000| Untracked 
| 359|0x0000000096700000, 0x0000000096700000, 0x0000000096800000|  0%| F|  |TAMS 0x0000000096700000| PB 0x0000000096700000| Untracked 
| 360|0x0000000096800000, 0x0000000096800000, 0x0000000096900000|  0%| F|  |TAMS 0x0000000096800000| PB 0x0000000096800000| Untracked 
| 361|0x0000000096900000, 0x0000000096900000, 0x0000000096a00000|  0%| F|  |TAMS 0x0000000096900000| PB 0x0000000096900000| Untracked 
| 362|0x0000000096a00000, 0x0000000096a00000, 0x0000000096b00000|  0%| F|  |TAMS 0x0000000096a00000| PB 0x0000000096a00000| Untracked 
| 363|0x0000000096b00000, 0x0000000096b00000, 0x0000000096c00000|  0%| F|  |TAMS 0x0000000096b00000| PB 0x0000000096b00000| Untracked 
| 364|0x0000000096c00000, 0x0000000096c00000, 0x0000000096d00000|  0%| F|  |TAMS 0x0000000096c00000| PB 0x0000000096c00000| Untracked 
| 365|0x0000000096d00000, 0x0000000096d00000, 0x0000000096e00000|  0%| F|  |TAMS 0x0000000096d00000| PB 0x0000000096d00000| Untracked 
| 366|0x0000000096e00000, 0x0000000096e00000, 0x0000000096f00000|  0%| F|  |TAMS 0x0000000096e00000| PB 0x0000000096e00000| Untracked 
| 367|0x0000000096f00000, 0x0000000096f00000, 0x0000000097000000|  0%| F|  |TAMS 0x0000000096f00000| PB 0x0000000096f00000| Untracked 
| 368|0x0000000097000000, 0x0000000097000000, 0x0000000097100000|  0%| F|  |TAMS 0x0000000097000000| PB 0x0000000097000000| Untracked 
| 369|0x0000000097100000, 0x0000000097100000, 0x0000000097200000|  0%| F|  |TAMS 0x0000000097100000| PB 0x0000000097100000| Untracked 
| 370|0x0000000097200000, 0x0000000097200000, 0x0000000097300000|  0%| F|  |TAMS 0x0000000097200000| PB 0x0000000097200000| Untracked 
| 371|0x0000000097300000, 0x0000000097300000, 0x0000000097400000|  0%| F|  |TAMS 0x0000000097300000| PB 0x0000000097300000| Untracked 
| 372|0x0000000097400000, 0x0000000097400000, 0x0000000097500000|  0%| F|  |TAMS 0x0000000097400000| PB 0x0000000097400000| Untracked 
| 373|0x0000000097500000, 0x0000000097500000, 0x0000000097600000|  0%| F|  |TAMS 0x0000000097500000| PB 0x0000000097500000| Untracked 
| 374|0x0000000097600000, 0x0000000097600000, 0x0000000097700000|  0%| F|  |TAMS 0x0000000097600000| PB 0x0000000097600000| Untracked 
| 375|0x0000000097700000, 0x0000000097700000, 0x0000000097800000|  0%| F|  |TAMS 0x0000000097700000| PB 0x0000000097700000| Untracked 
| 376|0x0000000097800000, 0x0000000097800000, 0x0000000097900000|  0%| F|  |TAMS 0x0000000097800000| PB 0x0000000097800000| Untracked 
| 377|0x0000000097900000, 0x0000000097900000, 0x0000000097a00000|  0%| F|  |TAMS 0x0000000097900000| PB 0x0000000097900000| Untracked 
| 378|0x0000000097a00000, 0x0000000097a00000, 0x0000000097b00000|  0%| F|  |TAMS 0x0000000097a00000| PB 0x0000000097a00000| Untracked 
| 379|0x0000000097b00000, 0x0000000097c00000, 0x0000000097c00000|100%| S|CS|TAMS 0x0000000097b00000| PB 0x0000000097b00000| Complete 
| 380|0x0000000097c00000, 0x0000000097d00000, 0x0000000097d00000|100%| S|CS|TAMS 0x0000000097c00000| PB 0x0000000097c00000| Complete 
| 381|0x0000000097d00000, 0x0000000097e00000, 0x0000000097e00000|100%| S|CS|TAMS 0x0000000097d00000| PB 0x0000000097d00000| Complete 
| 382|0x0000000097e00000, 0x0000000097f00000, 0x0000000097f00000|100%| S|CS|TAMS 0x0000000097e00000| PB 0x0000000097e00000| Complete 
| 383|0x0000000097f00000, 0x0000000098000000, 0x0000000098000000|100%| S|CS|TAMS 0x0000000097f00000| PB 0x0000000097f00000| Complete 
| 384|0x0000000098000000, 0x0000000098100000, 0x0000000098100000|100%| S|CS|TAMS 0x0000000098000000| PB 0x0000000098000000| Complete 
| 385|0x0000000098100000, 0x0000000098200000, 0x0000000098200000|100%| S|CS|TAMS 0x0000000098100000| PB 0x0000000098100000| Complete 
| 386|0x0000000098200000, 0x0000000098300000, 0x0000000098300000|100%| S|CS|TAMS 0x0000000098200000| PB 0x0000000098200000| Complete 
| 387|0x0000000098300000, 0x0000000098400000, 0x0000000098400000|100%| S|CS|TAMS 0x0000000098300000| PB 0x0000000098300000| Complete 
| 388|0x0000000098400000, 0x0000000098500000, 0x0000000098500000|100%| S|CS|TAMS 0x0000000098400000| PB 0x0000000098400000| Complete 
| 389|0x0000000098500000, 0x0000000098600000, 0x0000000098600000|100%| S|CS|TAMS 0x0000000098500000| PB 0x0000000098500000| Complete 
| 390|0x0000000098600000, 0x0000000098700000, 0x0000000098700000|100%| S|CS|TAMS 0x0000000098600000| PB 0x0000000098600000| Complete 
| 391|0x0000000098700000, 0x0000000098800000, 0x0000000098800000|100%| S|CS|TAMS 0x0000000098700000| PB 0x0000000098700000| Complete 
| 392|0x0000000098800000, 0x0000000098900000, 0x0000000098900000|100%| S|CS|TAMS 0x0000000098800000| PB 0x0000000098800000| Complete 
| 393|0x0000000098900000, 0x0000000098a00000, 0x0000000098a00000|100%| S|CS|TAMS 0x0000000098900000| PB 0x0000000098900000| Complete 
| 394|0x0000000098a00000, 0x0000000098a00000, 0x0000000098b00000|  0%| F|  |TAMS 0x0000000098a00000| PB 0x0000000098a00000| Untracked 
| 395|0x0000000098b00000, 0x0000000098b00000, 0x0000000098c00000|  0%| F|  |TAMS 0x0000000098b00000| PB 0x0000000098b00000| Untracked 
| 396|0x0000000098c00000, 0x0000000098c00000, 0x0000000098d00000|  0%| F|  |TAMS 0x0000000098c00000| PB 0x0000000098c00000| Untracked 
| 397|0x0000000098d00000, 0x0000000098d00000, 0x0000000098e00000|  0%| F|  |TAMS 0x0000000098d00000| PB 0x0000000098d00000| Untracked 
| 398|0x0000000098e00000, 0x0000000098e00000, 0x0000000098f00000|  0%| F|  |TAMS 0x0000000098e00000| PB 0x0000000098e00000| Untracked 
| 399|0x0000000098f00000, 0x0000000098f00000, 0x0000000099000000|  0%| F|  |TAMS 0x0000000098f00000| PB 0x0000000098f00000| Untracked 
| 400|0x0000000099000000, 0x0000000099000000, 0x0000000099100000|  0%| F|  |TAMS 0x0000000099000000| PB 0x0000000099000000| Untracked 
| 401|0x0000000099100000, 0x0000000099100000, 0x0000000099200000|  0%| F|  |TAMS 0x0000000099100000| PB 0x0000000099100000| Untracked 
| 402|0x0000000099200000, 0x0000000099200000, 0x0000000099300000|  0%| F|  |TAMS 0x0000000099200000| PB 0x0000000099200000| Untracked 
| 403|0x0000000099300000, 0x0000000099300000, 0x0000000099400000|  0%| F|  |TAMS 0x0000000099300000| PB 0x0000000099300000| Untracked 
| 404|0x0000000099400000, 0x0000000099400000, 0x0000000099500000|  0%| F|  |TAMS 0x0000000099400000| PB 0x0000000099400000| Untracked 
| 405|0x0000000099500000, 0x0000000099500000, 0x0000000099600000|  0%| F|  |TAMS 0x0000000099500000| PB 0x0000000099500000| Untracked 
| 406|0x0000000099600000, 0x0000000099600000, 0x0000000099700000|  0%| F|  |TAMS 0x0000000099600000| PB 0x0000000099600000| Untracked 
| 407|0x0000000099700000, 0x0000000099700000, 0x0000000099800000|  0%| F|  |TAMS 0x0000000099700000| PB 0x0000000099700000| Untracked 
| 408|0x0000000099800000, 0x0000000099800000, 0x0000000099900000|  0%| F|  |TAMS 0x0000000099800000| PB 0x0000000099800000| Untracked 
| 409|0x0000000099900000, 0x0000000099900000, 0x0000000099a00000|  0%| F|  |TAMS 0x0000000099900000| PB 0x0000000099900000| Untracked 
| 410|0x0000000099a00000, 0x0000000099a00000, 0x0000000099b00000|  0%| F|  |TAMS 0x0000000099a00000| PB 0x0000000099a00000| Untracked 
| 411|0x0000000099b00000, 0x0000000099b00000, 0x0000000099c00000|  0%| F|  |TAMS 0x0000000099b00000| PB 0x0000000099b00000| Untracked 
| 412|0x0000000099c00000, 0x0000000099c00000, 0x0000000099d00000|  0%| F|  |TAMS 0x0000000099c00000| PB 0x0000000099c00000| Untracked 
| 413|0x0000000099d00000, 0x0000000099d00000, 0x0000000099e00000|  0%| F|  |TAMS 0x0000000099d00000| PB 0x0000000099d00000| Untracked 
| 414|0x0000000099e00000, 0x0000000099e00000, 0x0000000099f00000|  0%| F|  |TAMS 0x0000000099e00000| PB 0x0000000099e00000| Untracked 
| 415|0x0000000099f00000, 0x0000000099f00000, 0x000000009a000000|  0%| F|  |TAMS 0x0000000099f00000| PB 0x0000000099f00000| Untracked 
| 416|0x000000009a000000, 0x000000009a000000, 0x000000009a100000|  0%| F|  |TAMS 0x000000009a000000| PB 0x000000009a000000| Untracked 
| 417|0x000000009a100000, 0x000000009a100000, 0x000000009a200000|  0%| F|  |TAMS 0x000000009a100000| PB 0x000000009a100000| Untracked 
| 418|0x000000009a200000, 0x000000009a200000, 0x000000009a300000|  0%| F|  |TAMS 0x000000009a200000| PB 0x000000009a200000| Untracked 
| 419|0x000000009a300000, 0x000000009a300000, 0x000000009a400000|  0%| F|  |TAMS 0x000000009a300000| PB 0x000000009a300000| Untracked 
| 420|0x000000009a400000, 0x000000009a400000, 0x000000009a500000|  0%| F|  |TAMS 0x000000009a400000| PB 0x000000009a400000| Untracked 
| 421|0x000000009a500000, 0x000000009a500000, 0x000000009a600000|  0%| F|  |TAMS 0x000000009a500000| PB 0x000000009a500000| Untracked 
| 422|0x000000009a600000, 0x000000009a600000, 0x000000009a700000|  0%| F|  |TAMS 0x000000009a600000| PB 0x000000009a600000| Untracked 
| 423|0x000000009a700000, 0x000000009a700000, 0x000000009a800000|  0%| F|  |TAMS 0x000000009a700000| PB 0x000000009a700000| Untracked 
| 424|0x000000009a800000, 0x000000009a800000, 0x000000009a900000|  0%| F|  |TAMS 0x000000009a800000| PB 0x000000009a800000| Untracked 
| 425|0x000000009a900000, 0x000000009a900000, 0x000000009aa00000|  0%| F|  |TAMS 0x000000009a900000| PB 0x000000009a900000| Untracked 
| 426|0x000000009aa00000, 0x000000009aa00000, 0x000000009ab00000|  0%| F|  |TAMS 0x000000009aa00000| PB 0x000000009aa00000| Untracked 
| 427|0x000000009ab00000, 0x000000009ab00000, 0x000000009ac00000|  0%| F|  |TAMS 0x000000009ab00000| PB 0x000000009ab00000| Untracked 
| 428|0x000000009ac00000, 0x000000009ac00000, 0x000000009ad00000|  0%| F|  |TAMS 0x000000009ac00000| PB 0x000000009ac00000| Untracked 
| 429|0x000000009ad00000, 0x000000009ad00000, 0x000000009ae00000|  0%| F|  |TAMS 0x000000009ad00000| PB 0x000000009ad00000| Untracked 
| 430|0x000000009ae00000, 0x000000009ae00000, 0x000000009af00000|  0%| F|  |TAMS 0x000000009ae00000| PB 0x000000009ae00000| Untracked 
| 431|0x000000009af00000, 0x000000009af00000, 0x000000009b000000|  0%| F|  |TAMS 0x000000009af00000| PB 0x000000009af00000| Untracked 
| 432|0x000000009b000000, 0x000000009b000000, 0x000000009b100000|  0%| F|  |TAMS 0x000000009b000000| PB 0x000000009b000000| Untracked 
| 433|0x000000009b100000, 0x000000009b100000, 0x000000009b200000|  0%| F|  |TAMS 0x000000009b100000| PB 0x000000009b100000| Untracked 
| 434|0x000000009b200000, 0x000000009b200000, 0x000000009b300000|  0%| F|  |TAMS 0x000000009b200000| PB 0x000000009b200000| Untracked 
| 435|0x000000009b300000, 0x000000009b300000, 0x000000009b400000|  0%| F|  |TAMS 0x000000009b300000| PB 0x000000009b300000| Untracked 
| 436|0x000000009b400000, 0x000000009b400000, 0x000000009b500000|  0%| F|  |TAMS 0x000000009b400000| PB 0x000000009b400000| Untracked 
| 437|0x000000009b500000, 0x000000009b500000, 0x000000009b600000|  0%| F|  |TAMS 0x000000009b500000| PB 0x000000009b500000| Untracked 
| 438|0x000000009b600000, 0x000000009b600000, 0x000000009b700000|  0%| F|  |TAMS 0x000000009b600000| PB 0x000000009b600000| Untracked 
| 439|0x000000009b700000, 0x000000009b700000, 0x000000009b800000|  0%| F|  |TAMS 0x000000009b700000| PB 0x000000009b700000| Untracked 
| 440|0x000000009b800000, 0x000000009b800000, 0x000000009b900000|  0%| F|  |TAMS 0x000000009b800000| PB 0x000000009b800000| Untracked 
| 441|0x000000009b900000, 0x000000009b900000, 0x000000009ba00000|  0%| F|  |TAMS 0x000000009b900000| PB 0x000000009b900000| Untracked 
| 442|0x000000009ba00000, 0x000000009ba00000, 0x000000009bb00000|  0%| F|  |TAMS 0x000000009ba00000| PB 0x000000009ba00000| Untracked 
| 443|0x000000009bb00000, 0x000000009bb00000, 0x000000009bc00000|  0%| F|  |TAMS 0x000000009bb00000| PB 0x000000009bb00000| Untracked 
| 444|0x000000009bc00000, 0x000000009bc00000, 0x000000009bd00000|  0%| F|  |TAMS 0x000000009bc00000| PB 0x000000009bc00000| Untracked 
| 445|0x000000009bd00000, 0x000000009bd00000, 0x000000009be00000|  0%| F|  |TAMS 0x000000009bd00000| PB 0x000000009bd00000| Untracked 
| 446|0x000000009be00000, 0x000000009be00000, 0x000000009bf00000|  0%| F|  |TAMS 0x000000009be00000| PB 0x000000009be00000| Untracked 
| 447|0x000000009bf00000, 0x000000009bf00000, 0x000000009c000000|  0%| F|  |TAMS 0x000000009bf00000| PB 0x000000009bf00000| Untracked 
| 448|0x000000009c000000, 0x000000009c000000, 0x000000009c100000|  0%| F|  |TAMS 0x000000009c000000| PB 0x000000009c000000| Untracked 
| 449|0x000000009c100000, 0x000000009c100000, 0x000000009c200000|  0%| F|  |TAMS 0x000000009c100000| PB 0x000000009c100000| Untracked 
| 450|0x000000009c200000, 0x000000009c200000, 0x000000009c300000|  0%| F|  |TAMS 0x000000009c200000| PB 0x000000009c200000| Untracked 
| 451|0x000000009c300000, 0x000000009c300000, 0x000000009c400000|  0%| F|  |TAMS 0x000000009c300000| PB 0x000000009c300000| Untracked 
| 452|0x000000009c400000, 0x000000009c400000, 0x000000009c500000|  0%| F|  |TAMS 0x000000009c400000| PB 0x000000009c400000| Untracked 
| 453|0x000000009c500000, 0x000000009c500000, 0x000000009c600000|  0%| F|  |TAMS 0x000000009c500000| PB 0x000000009c500000| Untracked 
| 454|0x000000009c600000, 0x000000009c600000, 0x000000009c700000|  0%| F|  |TAMS 0x000000009c600000| PB 0x000000009c600000| Untracked 
| 455|0x000000009c700000, 0x000000009c700000, 0x000000009c800000|  0%| F|  |TAMS 0x000000009c700000| PB 0x000000009c700000| Untracked 
| 456|0x000000009c800000, 0x000000009c800000, 0x000000009c900000|  0%| F|  |TAMS 0x000000009c800000| PB 0x000000009c800000| Untracked 
| 457|0x000000009c900000, 0x000000009c900000, 0x000000009ca00000|  0%| F|  |TAMS 0x000000009c900000| PB 0x000000009c900000| Untracked 
| 458|0x000000009ca00000, 0x000000009ca00000, 0x000000009cb00000|  0%| F|  |TAMS 0x000000009ca00000| PB 0x000000009ca00000| Untracked 
| 459|0x000000009cb00000, 0x000000009cb00000, 0x000000009cc00000|  0%| F|  |TAMS 0x000000009cb00000| PB 0x000000009cb00000| Untracked 
| 460|0x000000009cc00000, 0x000000009cc00000, 0x000000009cd00000|  0%| F|  |TAMS 0x000000009cc00000| PB 0x000000009cc00000| Untracked 
| 461|0x000000009cd00000, 0x000000009cd00000, 0x000000009ce00000|  0%| F|  |TAMS 0x000000009cd00000| PB 0x000000009cd00000| Untracked 
| 462|0x000000009ce00000, 0x000000009ce00000, 0x000000009cf00000|  0%| F|  |TAMS 0x000000009ce00000| PB 0x000000009ce00000| Untracked 
| 463|0x000000009cf00000, 0x000000009cf00000, 0x000000009d000000|  0%| F|  |TAMS 0x000000009cf00000| PB 0x000000009cf00000| Untracked 
| 464|0x000000009d000000, 0x000000009d000000, 0x000000009d100000|  0%| F|  |TAMS 0x000000009d000000| PB 0x000000009d000000| Untracked 
| 465|0x000000009d100000, 0x000000009d100000, 0x000000009d200000|  0%| F|  |TAMS 0x000000009d100000| PB 0x000000009d100000| Untracked 
| 466|0x000000009d200000, 0x000000009d200000, 0x000000009d300000|  0%| F|  |TAMS 0x000000009d200000| PB 0x000000009d200000| Untracked 
| 467|0x000000009d300000, 0x000000009d300000, 0x000000009d400000|  0%| F|  |TAMS 0x000000009d300000| PB 0x000000009d300000| Untracked 
| 468|0x000000009d400000, 0x000000009d400000, 0x000000009d500000|  0%| F|  |TAMS 0x000000009d400000| PB 0x000000009d400000| Untracked 
| 469|0x000000009d500000, 0x000000009d500000, 0x000000009d600000|  0%| F|  |TAMS 0x000000009d500000| PB 0x000000009d500000| Untracked 
| 470|0x000000009d600000, 0x000000009d600000, 0x000000009d700000|  0%| F|  |TAMS 0x000000009d600000| PB 0x000000009d600000| Untracked 
| 471|0x000000009d700000, 0x000000009d700000, 0x000000009d800000|  0%| F|  |TAMS 0x000000009d700000| PB 0x000000009d700000| Untracked 
| 472|0x000000009d800000, 0x000000009d800000, 0x000000009d900000|  0%| F|  |TAMS 0x000000009d800000| PB 0x000000009d800000| Untracked 
| 473|0x000000009d900000, 0x000000009d900000, 0x000000009da00000|  0%| F|  |TAMS 0x000000009d900000| PB 0x000000009d900000| Untracked 
| 474|0x000000009da00000, 0x000000009da00000, 0x000000009db00000|  0%| F|  |TAMS 0x000000009da00000| PB 0x000000009da00000| Untracked 
| 475|0x000000009db00000, 0x000000009db00000, 0x000000009dc00000|  0%| F|  |TAMS 0x000000009db00000| PB 0x000000009db00000| Untracked 
| 476|0x000000009dc00000, 0x000000009dc00000, 0x000000009dd00000|  0%| F|  |TAMS 0x000000009dc00000| PB 0x000000009dc00000| Untracked 
| 477|0x000000009dd00000, 0x000000009dd00000, 0x000000009de00000|  0%| F|  |TAMS 0x000000009dd00000| PB 0x000000009dd00000| Untracked 
| 478|0x000000009de00000, 0x000000009de00000, 0x000000009df00000|  0%| F|  |TAMS 0x000000009de00000| PB 0x000000009de00000| Untracked 
| 479|0x000000009df00000, 0x000000009df00000, 0x000000009e000000|  0%| F|  |TAMS 0x000000009df00000| PB 0x000000009df00000| Untracked 
| 480|0x000000009e000000, 0x000000009e000000, 0x000000009e100000|  0%| F|  |TAMS 0x000000009e000000| PB 0x000000009e000000| Untracked 
| 481|0x000000009e100000, 0x000000009e100000, 0x000000009e200000|  0%| F|  |TAMS 0x000000009e100000| PB 0x000000009e100000| Untracked 
| 482|0x000000009e200000, 0x000000009e200000, 0x000000009e300000|  0%| F|  |TAMS 0x000000009e200000| PB 0x000000009e200000| Untracked 
| 483|0x000000009e300000, 0x000000009e300000, 0x000000009e400000|  0%| F|  |TAMS 0x000000009e300000| PB 0x000000009e300000| Untracked 
| 484|0x000000009e400000, 0x000000009e400000, 0x000000009e500000|  0%| F|  |TAMS 0x000000009e400000| PB 0x000000009e400000| Untracked 
| 485|0x000000009e500000, 0x000000009e500000, 0x000000009e600000|  0%| F|  |TAMS 0x000000009e500000| PB 0x000000009e500000| Untracked 
| 486|0x000000009e600000, 0x000000009e600000, 0x000000009e700000|  0%| F|  |TAMS 0x000000009e600000| PB 0x000000009e600000| Untracked 
| 487|0x000000009e700000, 0x000000009e700000, 0x000000009e800000|  0%| F|  |TAMS 0x000000009e700000| PB 0x000000009e700000| Untracked 
| 488|0x000000009e800000, 0x000000009e800000, 0x000000009e900000|  0%| F|  |TAMS 0x000000009e800000| PB 0x000000009e800000| Untracked 
| 489|0x000000009e900000, 0x000000009e900000, 0x000000009ea00000|  0%| F|  |TAMS 0x000000009e900000| PB 0x000000009e900000| Untracked 
| 490|0x000000009ea00000, 0x000000009ea00000, 0x000000009eb00000|  0%| F|  |TAMS 0x000000009ea00000| PB 0x000000009ea00000| Untracked 
| 491|0x000000009eb00000, 0x000000009eb00000, 0x000000009ec00000|  0%| F|  |TAMS 0x000000009eb00000| PB 0x000000009eb00000| Untracked 
| 492|0x000000009ec00000, 0x000000009ec00000, 0x000000009ed00000|  0%| F|  |TAMS 0x000000009ec00000| PB 0x000000009ec00000| Untracked 
| 493|0x000000009ed00000, 0x000000009ed00000, 0x000000009ee00000|  0%| F|  |TAMS 0x000000009ed00000| PB 0x000000009ed00000| Untracked 
| 494|0x000000009ee00000, 0x000000009ee00000, 0x000000009ef00000|  0%| F|  |TAMS 0x000000009ee00000| PB 0x000000009ee00000| Untracked 
| 495|0x000000009ef00000, 0x000000009ef00000, 0x000000009f000000|  0%| F|  |TAMS 0x000000009ef00000| PB 0x000000009ef00000| Untracked 
| 496|0x000000009f000000, 0x000000009f000000, 0x000000009f100000|  0%| F|  |TAMS 0x000000009f000000| PB 0x000000009f000000| Untracked 
| 497|0x000000009f100000, 0x000000009f100000, 0x000000009f200000|  0%| F|  |TAMS 0x000000009f100000| PB 0x000000009f100000| Untracked 
| 498|0x000000009f200000, 0x000000009f200000, 0x000000009f300000|  0%| F|  |TAMS 0x000000009f200000| PB 0x000000009f200000| Untracked 
| 499|0x000000009f300000, 0x000000009f300000, 0x000000009f400000|  0%| F|  |TAMS 0x000000009f300000| PB 0x000000009f300000| Untracked 
| 500|0x000000009f400000, 0x000000009f400000, 0x000000009f500000|  0%| F|  |TAMS 0x000000009f400000| PB 0x000000009f400000| Untracked 
| 501|0x000000009f500000, 0x000000009f500000, 0x000000009f600000|  0%| F|  |TAMS 0x000000009f500000| PB 0x000000009f500000| Untracked 
| 502|0x000000009f600000, 0x000000009f600000, 0x000000009f700000|  0%| F|  |TAMS 0x000000009f600000| PB 0x000000009f600000| Untracked 
| 503|0x000000009f700000, 0x000000009f700000, 0x000000009f800000|  0%| F|  |TAMS 0x000000009f700000| PB 0x000000009f700000| Untracked 
| 504|0x000000009f800000, 0x000000009f800000, 0x000000009f900000|  0%| F|  |TAMS 0x000000009f800000| PB 0x000000009f800000| Untracked 
| 505|0x000000009f900000, 0x000000009f900000, 0x000000009fa00000|  0%| F|  |TAMS 0x000000009f900000| PB 0x000000009f900000| Untracked 
| 506|0x000000009fa00000, 0x000000009fa00000, 0x000000009fb00000|  0%| F|  |TAMS 0x000000009fa00000| PB 0x000000009fa00000| Untracked 
| 507|0x000000009fb00000, 0x000000009fb00000, 0x000000009fc00000|  0%| F|  |TAMS 0x000000009fb00000| PB 0x000000009fb00000| Untracked 
| 508|0x000000009fc00000, 0x000000009fc00000, 0x000000009fd00000|  0%| F|  |TAMS 0x000000009fc00000| PB 0x000000009fc00000| Untracked 
| 509|0x000000009fd00000, 0x000000009fd00000, 0x000000009fe00000|  0%| F|  |TAMS 0x000000009fd00000| PB 0x000000009fd00000| Untracked 
| 510|0x000000009fe00000, 0x000000009fe00000, 0x000000009ff00000|  0%| F|  |TAMS 0x000000009fe00000| PB 0x000000009fe00000| Untracked 
| 511|0x000000009ff00000, 0x000000009ff00000, 0x00000000a0000000|  0%| F|  |TAMS 0x000000009ff00000| PB 0x000000009ff00000| Untracked 
| 512|0x00000000a0000000, 0x00000000a0000000, 0x00000000a0100000|  0%| F|  |TAMS 0x00000000a0000000| PB 0x00000000a0000000| Untracked 
| 513|0x00000000a0100000, 0x00000000a0100000, 0x00000000a0200000|  0%| F|  |TAMS 0x00000000a0100000| PB 0x00000000a0100000| Untracked 
| 514|0x00000000a0200000, 0x00000000a0200000, 0x00000000a0300000|  0%| F|  |TAMS 0x00000000a0200000| PB 0x00000000a0200000| Untracked 
| 515|0x00000000a0300000, 0x00000000a0300000, 0x00000000a0400000|  0%| F|  |TAMS 0x00000000a0300000| PB 0x00000000a0300000| Untracked 
| 516|0x00000000a0400000, 0x00000000a0400000, 0x00000000a0500000|  0%| F|  |TAMS 0x00000000a0400000| PB 0x00000000a0400000| Untracked 
| 517|0x00000000a0500000, 0x00000000a0500000, 0x00000000a0600000|  0%| F|  |TAMS 0x00000000a0500000| PB 0x00000000a0500000| Untracked 
| 518|0x00000000a0600000, 0x00000000a0600000, 0x00000000a0700000|  0%| F|  |TAMS 0x00000000a0600000| PB 0x00000000a0600000| Untracked 
| 519|0x00000000a0700000, 0x00000000a0700000, 0x00000000a0800000|  0%| F|  |TAMS 0x00000000a0700000| PB 0x00000000a0700000| Untracked 
| 520|0x00000000a0800000, 0x00000000a0800000, 0x00000000a0900000|  0%| F|  |TAMS 0x00000000a0800000| PB 0x00000000a0800000| Untracked 
| 521|0x00000000a0900000, 0x00000000a0900000, 0x00000000a0a00000|  0%| F|  |TAMS 0x00000000a0900000| PB 0x00000000a0900000| Untracked 
| 522|0x00000000a0a00000, 0x00000000a0a00000, 0x00000000a0b00000|  0%| F|  |TAMS 0x00000000a0a00000| PB 0x00000000a0a00000| Untracked 
| 523|0x00000000a0b00000, 0x00000000a0b00000, 0x00000000a0c00000|  0%| F|  |TAMS 0x00000000a0b00000| PB 0x00000000a0b00000| Untracked 
| 524|0x00000000a0c00000, 0x00000000a0c00000, 0x00000000a0d00000|  0%| F|  |TAMS 0x00000000a0c00000| PB 0x00000000a0c00000| Untracked 
| 525|0x00000000a0d00000, 0x00000000a0d00000, 0x00000000a0e00000|  0%| F|  |TAMS 0x00000000a0d00000| PB 0x00000000a0d00000| Untracked 
| 526|0x00000000a0e00000, 0x00000000a0e00000, 0x00000000a0f00000|  0%| F|  |TAMS 0x00000000a0e00000| PB 0x00000000a0e00000| Untracked 
| 527|0x00000000a0f00000, 0x00000000a0f00000, 0x00000000a1000000|  0%| F|  |TAMS 0x00000000a0f00000| PB 0x00000000a0f00000| Untracked 
| 528|0x00000000a1000000, 0x00000000a1000000, 0x00000000a1100000|  0%| F|  |TAMS 0x00000000a1000000| PB 0x00000000a1000000| Untracked 
| 529|0x00000000a1100000, 0x00000000a1100000, 0x00000000a1200000|  0%| F|  |TAMS 0x00000000a1100000| PB 0x00000000a1100000| Untracked 
| 530|0x00000000a1200000, 0x00000000a1200000, 0x00000000a1300000|  0%| F|  |TAMS 0x00000000a1200000| PB 0x00000000a1200000| Untracked 
| 531|0x00000000a1300000, 0x00000000a1300000, 0x00000000a1400000|  0%| F|  |TAMS 0x00000000a1300000| PB 0x00000000a1300000| Untracked 
| 532|0x00000000a1400000, 0x00000000a1400000, 0x00000000a1500000|  0%| F|  |TAMS 0x00000000a1400000| PB 0x00000000a1400000| Untracked 
| 533|0x00000000a1500000, 0x00000000a1500000, 0x00000000a1600000|  0%| F|  |TAMS 0x00000000a1500000| PB 0x00000000a1500000| Untracked 
| 534|0x00000000a1600000, 0x00000000a1600000, 0x00000000a1700000|  0%| F|  |TAMS 0x00000000a1600000| PB 0x00000000a1600000| Untracked 
| 535|0x00000000a1700000, 0x00000000a1700000, 0x00000000a1800000|  0%| F|  |TAMS 0x00000000a1700000| PB 0x00000000a1700000| Untracked 
| 536|0x00000000a1800000, 0x00000000a1800000, 0x00000000a1900000|  0%| F|  |TAMS 0x00000000a1800000| PB 0x00000000a1800000| Untracked 
| 537|0x00000000a1900000, 0x00000000a1900000, 0x00000000a1a00000|  0%| F|  |TAMS 0x00000000a1900000| PB 0x00000000a1900000| Untracked 
| 538|0x00000000a1a00000, 0x00000000a1a00000, 0x00000000a1b00000|  0%| F|  |TAMS 0x00000000a1a00000| PB 0x00000000a1a00000| Untracked 
| 539|0x00000000a1b00000, 0x00000000a1b00000, 0x00000000a1c00000|  0%| F|  |TAMS 0x00000000a1b00000| PB 0x00000000a1b00000| Untracked 
| 540|0x00000000a1c00000, 0x00000000a1c00000, 0x00000000a1d00000|  0%| F|  |TAMS 0x00000000a1c00000| PB 0x00000000a1c00000| Untracked 
| 541|0x00000000a1d00000, 0x00000000a1d00000, 0x00000000a1e00000|  0%| F|  |TAMS 0x00000000a1d00000| PB 0x00000000a1d00000| Untracked 
| 542|0x00000000a1e00000, 0x00000000a1e00000, 0x00000000a1f00000|  0%| F|  |TAMS 0x00000000a1e00000| PB 0x00000000a1e00000| Untracked 
| 543|0x00000000a1f00000, 0x00000000a1f00000, 0x00000000a2000000|  0%| F|  |TAMS 0x00000000a1f00000| PB 0x00000000a1f00000| Untracked 
| 544|0x00000000a2000000, 0x00000000a2000000, 0x00000000a2100000|  0%| F|  |TAMS 0x00000000a2000000| PB 0x00000000a2000000| Untracked 
| 545|0x00000000a2100000, 0x00000000a2100000, 0x00000000a2200000|  0%| F|  |TAMS 0x00000000a2100000| PB 0x00000000a2100000| Untracked 
| 546|0x00000000a2200000, 0x00000000a2200000, 0x00000000a2300000|  0%| F|  |TAMS 0x00000000a2200000| PB 0x00000000a2200000| Untracked 
| 547|0x00000000a2300000, 0x00000000a2300000, 0x00000000a2400000|  0%| F|  |TAMS 0x00000000a2300000| PB 0x00000000a2300000| Untracked 
| 548|0x00000000a2400000, 0x00000000a2400000, 0x00000000a2500000|  0%| F|  |TAMS 0x00000000a2400000| PB 0x00000000a2400000| Untracked 
| 549|0x00000000a2500000, 0x00000000a2500000, 0x00000000a2600000|  0%| F|  |TAMS 0x00000000a2500000| PB 0x00000000a2500000| Untracked 
| 550|0x00000000a2600000, 0x00000000a2600000, 0x00000000a2700000|  0%| F|  |TAMS 0x00000000a2600000| PB 0x00000000a2600000| Untracked 
| 551|0x00000000a2700000, 0x00000000a2700000, 0x00000000a2800000|  0%| F|  |TAMS 0x00000000a2700000| PB 0x00000000a2700000| Untracked 
| 552|0x00000000a2800000, 0x00000000a2800000, 0x00000000a2900000|  0%| F|  |TAMS 0x00000000a2800000| PB 0x00000000a2800000| Untracked 
| 553|0x00000000a2900000, 0x00000000a2900000, 0x00000000a2a00000|  0%| F|  |TAMS 0x00000000a2900000| PB 0x00000000a2900000| Untracked 
| 554|0x00000000a2a00000, 0x00000000a2a00000, 0x00000000a2b00000|  0%| F|  |TAMS 0x00000000a2a00000| PB 0x00000000a2a00000| Untracked 
| 555|0x00000000a2b00000, 0x00000000a2b00000, 0x00000000a2c00000|  0%| F|  |TAMS 0x00000000a2b00000| PB 0x00000000a2b00000| Untracked 
| 556|0x00000000a2c00000, 0x00000000a2c00000, 0x00000000a2d00000|  0%| F|  |TAMS 0x00000000a2c00000| PB 0x00000000a2c00000| Untracked 
| 557|0x00000000a2d00000, 0x00000000a2d00000, 0x00000000a2e00000|  0%| F|  |TAMS 0x00000000a2d00000| PB 0x00000000a2d00000| Untracked 
| 558|0x00000000a2e00000, 0x00000000a2e00000, 0x00000000a2f00000|  0%| F|  |TAMS 0x00000000a2e00000| PB 0x00000000a2e00000| Untracked 
| 559|0x00000000a2f00000, 0x00000000a2f00000, 0x00000000a3000000|  0%| F|  |TAMS 0x00000000a2f00000| PB 0x00000000a2f00000| Untracked 
| 560|0x00000000a3000000, 0x00000000a3000000, 0x00000000a3100000|  0%| F|  |TAMS 0x00000000a3000000| PB 0x00000000a3000000| Untracked 
| 561|0x00000000a3100000, 0x00000000a3100000, 0x00000000a3200000|  0%| F|  |TAMS 0x00000000a3100000| PB 0x00000000a3100000| Untracked 
| 562|0x00000000a3200000, 0x00000000a3200000, 0x00000000a3300000|  0%| F|  |TAMS 0x00000000a3200000| PB 0x00000000a3200000| Untracked 
| 563|0x00000000a3300000, 0x00000000a3300000, 0x00000000a3400000|  0%| F|  |TAMS 0x00000000a3300000| PB 0x00000000a3300000| Untracked 
| 564|0x00000000a3400000, 0x00000000a3400000, 0x00000000a3500000|  0%| F|  |TAMS 0x00000000a3400000| PB 0x00000000a3400000| Untracked 
| 565|0x00000000a3500000, 0x00000000a3500000, 0x00000000a3600000|  0%| F|  |TAMS 0x00000000a3500000| PB 0x00000000a3500000| Untracked 
| 566|0x00000000a3600000, 0x00000000a3600000, 0x00000000a3700000|  0%| F|  |TAMS 0x00000000a3600000| PB 0x00000000a3600000| Untracked 
| 567|0x00000000a3700000, 0x00000000a3700000, 0x00000000a3800000|  0%| F|  |TAMS 0x00000000a3700000| PB 0x00000000a3700000| Untracked 
| 568|0x00000000a3800000, 0x00000000a3800000, 0x00000000a3900000|  0%| F|  |TAMS 0x00000000a3800000| PB 0x00000000a3800000| Untracked 
| 569|0x00000000a3900000, 0x00000000a3900000, 0x00000000a3a00000|  0%| F|  |TAMS 0x00000000a3900000| PB 0x00000000a3900000| Untracked 
| 570|0x00000000a3a00000, 0x00000000a3a00000, 0x00000000a3b00000|  0%| F|  |TAMS 0x00000000a3a00000| PB 0x00000000a3a00000| Untracked 
| 571|0x00000000a3b00000, 0x00000000a3b00000, 0x00000000a3c00000|  0%| F|  |TAMS 0x00000000a3b00000| PB 0x00000000a3b00000| Untracked 
| 572|0x00000000a3c00000, 0x00000000a3c00000, 0x00000000a3d00000|  0%| F|  |TAMS 0x00000000a3c00000| PB 0x00000000a3c00000| Untracked 
| 573|0x00000000a3d00000, 0x00000000a3d00000, 0x00000000a3e00000|  0%| F|  |TAMS 0x00000000a3d00000| PB 0x00000000a3d00000| Untracked 
| 574|0x00000000a3e00000, 0x00000000a3e00000, 0x00000000a3f00000|  0%| F|  |TAMS 0x00000000a3e00000| PB 0x00000000a3e00000| Untracked 
| 575|0x00000000a3f00000, 0x00000000a3f00000, 0x00000000a4000000|  0%| F|  |TAMS 0x00000000a3f00000| PB 0x00000000a3f00000| Untracked 
| 576|0x00000000a4000000, 0x00000000a4000000, 0x00000000a4100000|  0%| F|  |TAMS 0x00000000a4000000| PB 0x00000000a4000000| Untracked 
| 577|0x00000000a4100000, 0x00000000a4100000, 0x00000000a4200000|  0%| F|  |TAMS 0x00000000a4100000| PB 0x00000000a4100000| Untracked 
| 578|0x00000000a4200000, 0x00000000a4200000, 0x00000000a4300000|  0%| F|  |TAMS 0x00000000a4200000| PB 0x00000000a4200000| Untracked 
| 579|0x00000000a4300000, 0x00000000a4300000, 0x00000000a4400000|  0%| F|  |TAMS 0x00000000a4300000| PB 0x00000000a4300000| Untracked 
| 580|0x00000000a4400000, 0x00000000a4400000, 0x00000000a4500000|  0%| F|  |TAMS 0x00000000a4400000| PB 0x00000000a4400000| Untracked 
| 581|0x00000000a4500000, 0x00000000a4500000, 0x00000000a4600000|  0%| F|  |TAMS 0x00000000a4500000| PB 0x00000000a4500000| Untracked 
| 582|0x00000000a4600000, 0x00000000a4600000, 0x00000000a4700000|  0%| F|  |TAMS 0x00000000a4600000| PB 0x00000000a4600000| Untracked 
| 583|0x00000000a4700000, 0x00000000a4700000, 0x00000000a4800000|  0%| F|  |TAMS 0x00000000a4700000| PB 0x00000000a4700000| Untracked 
| 584|0x00000000a4800000, 0x00000000a4800000, 0x00000000a4900000|  0%| F|  |TAMS 0x00000000a4800000| PB 0x00000000a4800000| Untracked 
| 585|0x00000000a4900000, 0x00000000a4900000, 0x00000000a4a00000|  0%| F|  |TAMS 0x00000000a4900000| PB 0x00000000a4900000| Untracked 
| 586|0x00000000a4a00000, 0x00000000a4a00000, 0x00000000a4b00000|  0%| F|  |TAMS 0x00000000a4a00000| PB 0x00000000a4a00000| Untracked 
| 587|0x00000000a4b00000, 0x00000000a4b00000, 0x00000000a4c00000|  0%| F|  |TAMS 0x00000000a4b00000| PB 0x00000000a4b00000| Untracked 
| 588|0x00000000a4c00000, 0x00000000a4c00000, 0x00000000a4d00000|  0%| F|  |TAMS 0x00000000a4c00000| PB 0x00000000a4c00000| Untracked 
| 589|0x00000000a4d00000, 0x00000000a4d00000, 0x00000000a4e00000|  0%| F|  |TAMS 0x00000000a4d00000| PB 0x00000000a4d00000| Untracked 
| 590|0x00000000a4e00000, 0x00000000a4e00000, 0x00000000a4f00000|  0%| F|  |TAMS 0x00000000a4e00000| PB 0x00000000a4e00000| Untracked 
| 591|0x00000000a4f00000, 0x00000000a4f00000, 0x00000000a5000000|  0%| F|  |TAMS 0x00000000a4f00000| PB 0x00000000a4f00000| Untracked 
| 592|0x00000000a5000000, 0x00000000a5000000, 0x00000000a5100000|  0%| F|  |TAMS 0x00000000a5000000| PB 0x00000000a5000000| Untracked 
| 593|0x00000000a5100000, 0x00000000a5100000, 0x00000000a5200000|  0%| F|  |TAMS 0x00000000a5100000| PB 0x00000000a5100000| Untracked 
| 594|0x00000000a5200000, 0x00000000a5200000, 0x00000000a5300000|  0%| F|  |TAMS 0x00000000a5200000| PB 0x00000000a5200000| Untracked 
| 595|0x00000000a5300000, 0x00000000a5300000, 0x00000000a5400000|  0%| F|  |TAMS 0x00000000a5300000| PB 0x00000000a5300000| Untracked 
| 596|0x00000000a5400000, 0x00000000a5400000, 0x00000000a5500000|  0%| F|  |TAMS 0x00000000a5400000| PB 0x00000000a5400000| Untracked 
| 597|0x00000000a5500000, 0x00000000a5500000, 0x00000000a5600000|  0%| F|  |TAMS 0x00000000a5500000| PB 0x00000000a5500000| Untracked 
| 598|0x00000000a5600000, 0x00000000a5600000, 0x00000000a5700000|  0%| F|  |TAMS 0x00000000a5600000| PB 0x00000000a5600000| Untracked 
| 599|0x00000000a5700000, 0x00000000a5700000, 0x00000000a5800000|  0%| F|  |TAMS 0x00000000a5700000| PB 0x00000000a5700000| Untracked 
| 600|0x00000000a5800000, 0x00000000a5800000, 0x00000000a5900000|  0%| F|  |TAMS 0x00000000a5800000| PB 0x00000000a5800000| Untracked 
| 601|0x00000000a5900000, 0x00000000a5900000, 0x00000000a5a00000|  0%| F|  |TAMS 0x00000000a5900000| PB 0x00000000a5900000| Untracked 
| 602|0x00000000a5a00000, 0x00000000a5a00000, 0x00000000a5b00000|  0%| F|  |TAMS 0x00000000a5a00000| PB 0x00000000a5a00000| Untracked 
| 603|0x00000000a5b00000, 0x00000000a5b00000, 0x00000000a5c00000|  0%| F|  |TAMS 0x00000000a5b00000| PB 0x00000000a5b00000| Untracked 
| 604|0x00000000a5c00000, 0x00000000a5c00000, 0x00000000a5d00000|  0%| F|  |TAMS 0x00000000a5c00000| PB 0x00000000a5c00000| Untracked 
| 605|0x00000000a5d00000, 0x00000000a5d00000, 0x00000000a5e00000|  0%| F|  |TAMS 0x00000000a5d00000| PB 0x00000000a5d00000| Untracked 
| 606|0x00000000a5e00000, 0x00000000a5e00000, 0x00000000a5f00000|  0%| F|  |TAMS 0x00000000a5e00000| PB 0x00000000a5e00000| Untracked 
| 607|0x00000000a5f00000, 0x00000000a5f00000, 0x00000000a6000000|  0%| F|  |TAMS 0x00000000a5f00000| PB 0x00000000a5f00000| Untracked 
| 608|0x00000000a6000000, 0x00000000a6000000, 0x00000000a6100000|  0%| F|  |TAMS 0x00000000a6000000| PB 0x00000000a6000000| Untracked 
| 609|0x00000000a6100000, 0x00000000a6100000, 0x00000000a6200000|  0%| F|  |TAMS 0x00000000a6100000| PB 0x00000000a6100000| Untracked 
|1994|0x00000000fca00000, 0x00000000fcb00000, 0x00000000fcb00000|100%| O|  |TAMS 0x00000000fca00000| PB 0x00000000fca00000| Untracked 
|2002|0x00000000fd200000, 0x00000000fd200000, 0x00000000fd300000|  0%| F|  |TAMS 0x00000000fd200000| PB 0x00000000fd200000| Untracked 
|2003|0x00000000fd300000, 0x00000000fd300000, 0x00000000fd400000|  0%| F|  |TAMS 0x00000000fd300000| PB 0x00000000fd300000| Untracked 
|2004|0x00000000fd400000, 0x00000000fd400000, 0x00000000fd500000|  0%| F|  |TAMS 0x00000000fd400000| PB 0x00000000fd400000| Untracked 
|2005|0x00000000fd500000, 0x00000000fd500000, 0x00000000fd600000|  0%| F|  |TAMS 0x00000000fd500000| PB 0x00000000fd500000| Untracked 
|2006|0x00000000fd600000, 0x00000000fd600000, 0x00000000fd700000|  0%| F|  |TAMS 0x00000000fd600000| PB 0x00000000fd600000| Untracked 
|2007|0x00000000fd700000, 0x00000000fd700000, 0x00000000fd800000|  0%| F|  |TAMS 0x00000000fd700000| PB 0x00000000fd700000| Untracked 
|2008|0x00000000fd800000, 0x00000000fd800000, 0x00000000fd900000|  0%| F|  |TAMS 0x00000000fd800000| PB 0x00000000fd800000| Untracked 
|2009|0x00000000fd900000, 0x00000000fd900000, 0x00000000fda00000|  0%| F|  |TAMS 0x00000000fd900000| PB 0x00000000fd900000| Untracked 
|2010|0x00000000fda00000, 0x00000000fda00000, 0x00000000fdb00000|  0%| F|  |TAMS 0x00000000fda00000| PB 0x00000000fda00000| Untracked 
|2011|0x00000000fdb00000, 0x00000000fdb00000, 0x00000000fdc00000|  0%| F|  |TAMS 0x00000000fdb00000| PB 0x00000000fdb00000| Untracked 
|2012|0x00000000fdc00000, 0x00000000fdc00000, 0x00000000fdd00000|  0%| F|  |TAMS 0x00000000fdc00000| PB 0x00000000fdc00000| Untracked 
|2013|0x00000000fdd00000, 0x00000000fdd00000, 0x00000000fde00000|  0%| F|  |TAMS 0x00000000fdd00000| PB 0x00000000fdd00000| Untracked 
|2014|0x00000000fde00000, 0x00000000fde00000, 0x00000000fdf00000|  0%| F|  |TAMS 0x00000000fde00000| PB 0x00000000fde00000| Untracked 
|2015|0x00000000fdf00000, 0x00000000fdf00000, 0x00000000fe000000|  0%| F|  |TAMS 0x00000000fdf00000| PB 0x00000000fdf00000| Untracked 
|2016|0x00000000fe000000, 0x00000000fe000000, 0x00000000fe100000|  0%| F|  |TAMS 0x00000000fe000000| PB 0x00000000fe000000| Untracked 
|2017|0x00000000fe100000, 0x00000000fe100000, 0x00000000fe200000|  0%| F|  |TAMS 0x00000000fe100000| PB 0x00000000fe100000| Untracked 
|2018|0x00000000fe200000, 0x00000000fe200000, 0x00000000fe300000|  0%| F|  |TAMS 0x00000000fe200000| PB 0x00000000fe200000| Untracked 
|2019|0x00000000fe300000, 0x00000000fe300000, 0x00000000fe400000|  0%| F|  |TAMS 0x00000000fe300000| PB 0x00000000fe300000| Untracked 
|2020|0x00000000fe400000, 0x00000000fe400000, 0x00000000fe500000|  0%| F|  |TAMS 0x00000000fe400000| PB 0x00000000fe400000| Untracked 
|2021|0x00000000fe500000, 0x00000000fe500000, 0x00000000fe600000|  0%| F|  |TAMS 0x00000000fe500000| PB 0x00000000fe500000| Untracked 
|2022|0x00000000fe600000, 0x00000000fe700000, 0x00000000fe700000|100%| O|  |TAMS 0x00000000fe600000| PB 0x00000000fe600000| Untracked 
|2023|0x00000000fe700000, 0x00000000fe700000, 0x00000000fe800000|  0%| F|  |TAMS 0x00000000fe700000| PB 0x00000000fe700000| Untracked 
|2024|0x00000000fe800000, 0x00000000fe800000, 0x00000000fe900000|  0%| F|  |TAMS 0x00000000fe800000| PB 0x00000000fe800000| Untracked 
|2025|0x00000000fe900000, 0x00000000fe900000, 0x00000000fea00000|  0%| F|  |TAMS 0x00000000fe900000| PB 0x00000000fe900000| Untracked 
|2026|0x00000000fea00000, 0x00000000fea00000, 0x00000000feb00000|  0%| F|  |TAMS 0x00000000fea00000| PB 0x00000000fea00000| Untracked 
|2027|0x00000000feb00000, 0x00000000feb00000, 0x00000000fec00000|  0%| F|  |TAMS 0x00000000feb00000| PB 0x00000000feb00000| Untracked 
|2028|0x00000000fec00000, 0x00000000fec00000, 0x00000000fed00000|  0%| F|  |TAMS 0x00000000fec00000| PB 0x00000000fec00000| Untracked 
|2029|0x00000000fed00000, 0x00000000fed00000, 0x00000000fee00000|  0%| F|  |TAMS 0x00000000fed00000| PB 0x00000000fed00000| Untracked 
|2030|0x00000000fee00000, 0x00000000fef00000, 0x00000000fef00000|100%| O|  |TAMS 0x00000000fee00000| PB 0x00000000fee00000| Untracked 
|2031|0x00000000fef00000, 0x00000000fef00000, 0x00000000ff000000|  0%| F|  |TAMS 0x00000000fef00000| PB 0x00000000fef00000| Untracked 
|2032|0x00000000ff000000, 0x00000000ff100000, 0x00000000ff100000|100%| O|  |TAMS 0x00000000ff000000| PB 0x00000000ff000000| Untracked 
|2033|0x00000000ff100000, 0x00000000ff100000, 0x00000000ff200000|  0%| F|  |TAMS 0x00000000ff100000| PB 0x00000000ff100000| Untracked 
|2034|0x00000000ff200000, 0x00000000ff200000, 0x00000000ff300000|  0%| F|  |TAMS 0x00000000ff200000| PB 0x00000000ff200000| Untracked 
|2035|0x00000000ff300000, 0x00000000ff300000, 0x00000000ff400000|  0%| F|  |TAMS 0x00000000ff300000| PB 0x00000000ff300000| Untracked 
|2036|0x00000000ff400000, 0x00000000ff400000, 0x00000000ff500000|  0%| F|  |TAMS 0x00000000ff400000| PB 0x00000000ff400000| Untracked 
|2037|0x00000000ff500000, 0x00000000ff500000, 0x00000000ff600000|  0%| F|  |TAMS 0x00000000ff500000| PB 0x00000000ff500000| Untracked 
|2038|0x00000000ff600000, 0x00000000ff600000, 0x00000000ff700000|  0%| F|  |TAMS 0x00000000ff600000| PB 0x00000000ff600000| Untracked 
|2039|0x00000000ff700000, 0x00000000ff800000, 0x00000000ff800000|100%| O|  |TAMS 0x00000000ff700000| PB 0x00000000ff700000| Untracked 
|2040|0x00000000ff800000, 0x00000000ff88b180, 0x00000000ff900000| 54%| E|  |TAMS 0x00000000ff800000| PB 0x00000000ff800000| Complete 
|2041|0x00000000ff900000, 0x00000000ffa00000, 0x00000000ffa00000|100%| E|CS|TAMS 0x00000000ff900000| PB 0x00000000ff900000| Complete 
|2042|0x00000000ffa00000, 0x00000000ffb00000, 0x00000000ffb00000|100%| E|CS|TAMS 0x00000000ffa00000| PB 0x00000000ffa00000| Complete 
|2043|0x00000000ffb00000, 0x00000000ffc00000, 0x00000000ffc00000|100%| E|CS|TAMS 0x00000000ffb00000| PB 0x00000000ffb00000| Complete 
|2044|0x00000000ffc00000, 0x00000000ffd00000, 0x00000000ffd00000|100%| O|  |TAMS 0x00000000ffc00000| PB 0x00000000ffc00000| Untracked 
|2045|0x00000000ffd00000, 0x00000000ffe00000, 0x00000000ffe00000|100%| O|  |TAMS 0x00000000ffd00000| PB 0x00000000ffd00000| Untracked 
|2046|0x00000000ffe00000, 0x00000000fff00000, 0x00000000fff00000|100%| O|  |TAMS 0x00000000ffe00000| PB 0x00000000ffe00000| Untracked 
|2047|0x00000000fff00000, 0x0000000100000000, 0x0000000100000000|100%| O|  |TAMS 0x00000000fff00000| PB 0x00000000fff00000| Untracked 

Card table byte_map: [0x00000239531f0000,0x00000239535f0000] _byte_map_base: 0x0000023952df0000

Marking Bits: (CMBitMap*) 0x0000023940ce7e00
 Bits: [0x00000239535f0000, 0x00000239555f0000)

Polling page: 0x0000023940460000

Metaspace:

Usage:
  Non-class:    184.84 MB used.
      Class:     27.75 MB used.
       Both:    212.58 MB used.

Virtual space:
  Non-class space:      192.00 MB reserved,     186.25 MB ( 97%) committed,  3 nodes.
      Class space:        1.00 GB reserved,      29.06 MB (  3%) committed,  1 nodes.
             Both:        1.19 GB reserved,     215.31 MB ( 18%) committed. 

Chunk freelists:
   Non-Class:  5.16 MB
       Class:  2.88 MB
        Both:  8.03 MB

MaxMetaspaceSize: unlimited
CompressedClassSpaceSize: 1.00 GB
Initial GC threshold: 21.00 MB
Current GC threshold: 355.25 MB
CDS: off
 - commit_granule_bytes: 65536.
 - commit_granule_words: 8192.
 - virtual_space_node_default_size: 8388608.
 - enlarge_chunks_in_place: 1.
 - use_allocation_guard: 0.


Internal statistics:

num_allocs_failed_limit: 24.
num_arena_births: 5564.
num_arena_deaths: 10.
num_vsnodes_births: 4.
num_vsnodes_deaths: 0.
num_space_committed: 3442.
num_space_uncommitted: 0.
num_chunks_returned_to_freelist: 45.
num_chunks_taken_from_freelist: 14148.
num_chunk_merges: 24.
num_chunk_splits: 9964.
num_chunks_enlarged: 7095.
num_inconsistent_stats: 0.

CodeHeap 'non-profiled nmethods': size=120000Kb used=19081Kb max_used=19087Kb free=100918Kb
 bounds [0x000002394b8c0000, 0x000002394cb70000, 0x0000023952df0000]
CodeHeap 'profiled nmethods': size=120000Kb used=45345Kb max_used=45345Kb free=74654Kb
 bounds [0x0000023943df0000, 0x0000023946a40000, 0x000002394b320000]
CodeHeap 'non-nmethods': size=5760Kb used=3352Kb max_used=3395Kb free=2407Kb
 bounds [0x000002394b320000, 0x000002394b680000, 0x000002394b8c0000]
CodeCache: size=245760Kb, used=67778Kb, max_used=67827Kb, free=177979Kb
 total_blobs=23101, nmethods=21764, adapters=1238, full_count=0
Compilation: enabled, stopped_count=0, restarted_count=0

Compilation events (20 events):
Event: 310.657 Thread 0x000002395c0fbeb0 29814   !   3       com.android.tools.idea.gradle.project.sync.InternedModels::getLibraryByKey (60 bytes)
Event: 310.658 Thread 0x000002395c0fbeb0 nmethod 29814 0x00000239469eeb90 code [0x00000239469eee00, 0x00000239469ef7e0]
Event: 310.658 Thread 0x000002395c0fbeb0 29815       3       com.android.tools.idea.gradle.project.sync.InternedModels::lookup (23 bytes)
Event: 310.658 Thread 0x000002395c0fbeb0 nmethod 29815 0x00000239469efb90 code [0x00000239469efde0, 0x00000239469f0550]
Event: 310.658 Thread 0x000002395c0fbeb0 29816       3       com.android.tools.idea.gradle.model.impl.IdeDependencyCoreImpl::<init> (21 bytes)
Event: 310.658 Thread 0x000002395c0fbeb0 nmethod 29816 0x00000239469f0810 code [0x00000239469f0a40, 0x00000239469f10f0]
Event: 310.659 Thread 0x000002395c0fbeb0 29817       3       com.android.tools.idea.gradle.project.sync.ModelCacheV2ImplKt$$Lambda/0x0000000101cf7bc0::invoke (8 bytes)
Event: 310.659 Thread 0x000002395c0fbeb0 nmethod 29817 0x00000239469f1390 code [0x00000239469f15e0, 0x00000239469f1ee0]
Event: 310.659 Thread 0x000002395c0fbeb0 29818       3       com.android.tools.idea.gradle.project.sync.ModelCacheV2ImplKt::modelCacheV2Impl$createFromDependencies$lambda$77$toFlatLibraryList$63$lambda$61$lambda$58 (18 bytes)
Event: 310.659 Thread 0x000002395c0fbeb0 nmethod 29818 0x00000239469f2210 code [0x00000239469f2460, 0x00000239469f2bf8]
Event: 310.659 Thread 0x000002395c0fbeb0 29820       3       java.util.HashMap::computeIfPresent (104 bytes)
Event: 310.660 Thread 0x000002395c0fbeb0 nmethod 29820 0x00000239469f2f10 code [0x00000239469f3160, 0x00000239469f3970]
Event: 310.660 Thread 0x000002395c0fbeb0 29819       3       com.android.tools.idea.gradle.project.sync.LibraryIdentity$LibraryIdentityProvider::toExtractedFolder (42 bytes)
Event: 310.660 Thread 0x000002395c0fbeb0 nmethod 29819 0x00000239469f3c10 code [0x00000239469f3e00, 0x00000239469f42c8]
Event: 310.660 Thread 0x000002395c0fbeb0 29821   !   3       com.android.tools.idea.gradle.project.sync.InternedModels::createOrGetLibrary (75 bytes)
Event: 310.661 Thread 0x000002395c0fbeb0 nmethod 29821 0x00000239469f4510 code [0x00000239469f47e0, 0x00000239469f5778]
Event: 310.661 Thread 0x000002395c0fbeb0 29822       3       com.android.tools.idea.gradle.project.sync.InternedModels$$Lambda/0x0000000101cfec58::<init> (15 bytes)
Event: 310.661 Thread 0x000002395c0fbeb0 nmethod 29822 0x00000239469f5d10 code [0x00000239469f5ec0, 0x00000239469f60e0]
Event: 310.661 Thread 0x000002395c0fbeb0 29823       3       com.android.tools.idea.gradle.project.sync.InternedModels$$Lambda/0x0000000101cfeeb0::<init> (10 bytes)
Event: 310.661 Thread 0x000002395c0fbeb0 nmethod 29823 0x00000239469f6190 code [0x00000239469f6340, 0x00000239469f64f8]

GC Heap History (20 events):
Event: 124.523 GC heap before
{Heap before GC invocations=149 (full 0):
 garbage-first heap   total 669696K, used 645919K [0x0000000080000000, 0x0000000100000000)
  region size 1024K, 331 young (338944K), 5 survivors (5120K)
 Metaspace       used 177478K, committed 179904K, reserved 1245184K
  class space    used 23088K, committed 24320K, reserved 1048576K
}
Event: 124.541 GC heap after
{Heap after GC invocations=150 (full 0):
 garbage-first heap   total 672768K, used 327267K [0x0000000080000000, 0x0000000100000000)
  region size 1024K, 23 young (23552K), 23 survivors (23552K)
 Metaspace       used 177478K, committed 179904K, reserved 1245184K
  class space    used 23088K, committed 24320K, reserved 1048576K
}
Event: 131.605 GC heap before
{Heap before GC invocations=150 (full 0):
 garbage-first heap   total 672768K, used 616035K [0x0000000080000000, 0x0000000100000000)
  region size 1024K, 303 young (310272K), 23 survivors (23552K)
 Metaspace       used 184780K, committed 187328K, reserved 1245184K
  class space    used 23953K, committed 25216K, reserved 1048576K
}
Event: 131.638 GC heap after
{Heap after GC invocations=151 (full 0):
 garbage-first heap   total 672768K, used 341769K [0x0000000080000000, 0x0000000100000000)
  region size 1024K, 35 young (35840K), 35 survivors (35840K)
 Metaspace       used 184780K, committed 187328K, reserved 1245184K
  class space    used 23953K, committed 25216K, reserved 1048576K
}
Event: 133.004 GC heap before
{Heap before GC invocations=151 (full 0):
 garbage-first heap   total 672768K, used 411401K [0x0000000080000000, 0x0000000100000000)
  region size 1024K, 104 young (106496K), 35 survivors (35840K)
 Metaspace       used 190371K, committed 193024K, reserved 1245184K
  class space    used 24879K, committed 26176K, reserved 1048576K
}
Event: 133.025 GC heap after
{Heap after GC invocations=152 (full 0):
 garbage-first heap   total 672768K, used 338907K [0x0000000080000000, 0x0000000100000000)
  region size 1024K, 19 young (19456K), 19 survivors (19456K)
 Metaspace       used 190371K, committed 193024K, reserved 1245184K
  class space    used 24879K, committed 26176K, reserved 1048576K
}
Event: 191.629 GC heap before
{Heap before GC invocations=153 (full 0):
 garbage-first heap   total 672768K, used 625627K [0x0000000080000000, 0x0000000100000000)
  region size 1024K, 292 young (299008K), 19 survivors (19456K)
 Metaspace       used 195620K, committed 198336K, reserved 1245184K
  class space    used 25662K, committed 27008K, reserved 1048576K
}
Event: 191.648 GC heap after
{Heap after GC invocations=154 (full 0):
 garbage-first heap   total 672768K, used 350683K [0x0000000080000000, 0x0000000100000000)
  region size 1024K, 23 young (23552K), 23 survivors (23552K)
 Metaspace       used 195620K, committed 198336K, reserved 1245184K
  class space    used 25662K, committed 27008K, reserved 1048576K
}
Event: 229.468 GC heap before
{Heap before GC invocations=154 (full 0):
 garbage-first heap   total 672768K, used 613851K [0x0000000080000000, 0x0000000100000000)
  region size 1024K, 280 young (286720K), 23 survivors (23552K)
 Metaspace       used 195687K, committed 198400K, reserved 1245184K
  class space    used 25667K, committed 27008K, reserved 1048576K
}
Event: 229.490 GC heap after
{Heap after GC invocations=155 (full 0):
 garbage-first heap   total 672768K, used 345600K [0x0000000080000000, 0x0000000100000000)
  region size 1024K, 9 young (9216K), 9 survivors (9216K)
 Metaspace       used 195687K, committed 198400K, reserved 1245184K
  class space    used 25667K, committed 27008K, reserved 1048576K
}
Event: 282.005 GC heap before
{Heap before GC invocations=155 (full 0):
 garbage-first heap   total 672768K, used 627200K [0x0000000080000000, 0x0000000100000000)
  region size 1024K, 285 young (291840K), 9 survivors (9216K)
 Metaspace       used 196022K, committed 198720K, reserved 1245184K
  class space    used 25688K, committed 27008K, reserved 1048576K
}
Event: 282.026 GC heap after
{Heap after GC invocations=156 (full 0):
 garbage-first heap   total 672768K, used 355840K [0x0000000080000000, 0x0000000100000000)
  region size 1024K, 19 young (19456K), 19 survivors (19456K)
 Metaspace       used 196022K, committed 198720K, reserved 1245184K
  class space    used 25688K, committed 27008K, reserved 1048576K
}
Event: 293.753 GC heap before
{Heap before GC invocations=157 (full 0):
 garbage-first heap   total 672768K, used 628224K [0x0000000080000000, 0x0000000100000000)
  region size 1024K, 275 young (281600K), 19 survivors (19456K)
 Metaspace       used 210319K, committed 213184K, reserved 1245184K
  class space    used 27677K, committed 29056K, reserved 1048576K
}
Event: 293.775 GC heap after
{Heap after GC invocations=158 (full 0):
 garbage-first heap   total 672768K, used 362496K [0x0000000080000000, 0x0000000100000000)
  region size 1024K, 23 young (23552K), 23 survivors (23552K)
 Metaspace       used 210319K, committed 213184K, reserved 1245184K
  class space    used 27677K, committed 29056K, reserved 1048576K
}
Event: 296.935 GC heap before
{Heap before GC invocations=158 (full 0):
 garbage-first heap   total 672768K, used 615424K [0x0000000080000000, 0x0000000100000000)
  region size 1024K, 269 young (275456K), 23 survivors (23552K)
 Metaspace       used 210808K, committed 213568K, reserved 1245184K
  class space    used 27708K, committed 29056K, reserved 1048576K
}
Event: 296.954 GC heap after
{Heap after GC invocations=159 (full 0):
 garbage-first heap   total 672768K, used 363555K [0x0000000080000000, 0x0000000100000000)
  region size 1024K, 11 young (11264K), 11 survivors (11264K)
 Metaspace       used 210808K, committed 213568K, reserved 1245184K
  class space    used 27708K, committed 29056K, reserved 1048576K
}
Event: 297.972 GC heap before
{Heap before GC invocations=159 (full 0):
 garbage-first heap   total 672768K, used 456739K [0x0000000080000000, 0x0000000100000000)
  region size 1024K, 103 young (105472K), 11 survivors (11264K)
 Metaspace       used 212970K, committed 215808K, reserved 1245184K
  class space    used 27931K, committed 29312K, reserved 1048576K
}
Event: 297.979 GC heap after
{Heap after GC invocations=160 (full 0):
 garbage-first heap   total 672768K, used 358947K [0x0000000080000000, 0x0000000100000000)
  region size 1024K, 8 young (8192K), 8 survivors (8192K)
 Metaspace       used 212970K, committed 215808K, reserved 1245184K
  class space    used 27931K, committed 29312K, reserved 1048576K
}
Event: 306.572 GC heap before
{Heap before GC invocations=161 (full 0):
 garbage-first heap   total 672768K, used 633379K [0x0000000080000000, 0x0000000100000000)
  region size 1024K, 272 young (278528K), 8 survivors (8192K)
 Metaspace       used 215996K, committed 218816K, reserved 1245184K
  class space    used 28197K, committed 29568K, reserved 1048576K
}
Event: 306.587 GC heap after
{Heap after GC invocations=162 (full 0):
 garbage-first heap   total 672768K, used 363626K [0x0000000080000000, 0x0000000100000000)
  region size 1024K, 13 young (13312K), 13 survivors (13312K)
 Metaspace       used 215996K, committed 218816K, reserved 1245184K
  class space    used 28197K, committed 29568K, reserved 1048576K
}

Dll operation events (3 events):
Event: 0.010 Loaded shared library D:\AndroidStudio\jbr\bin\java.dll
Event: 0.017 Loaded shared library D:\AndroidStudio\jbr\bin\zip.dll
Event: 0.734 Loaded shared library D:\AndroidStudio\jbr\bin\verify.dll

Deoptimization events (20 events):
Event: 310.309 Thread 0x000002395dd0f510 Uncommon trap: trap_request=0xffffffd6 fr.pc=0x000002394c83c490 relative=0x0000000000000430
Event: 310.309 Thread 0x000002395dd0f510 Uncommon trap: reason=array_check action=maybe_recompile pc=0x000002394c83c490 method=java.util.AbstractCollection.toArray([Ljava/lang/Object;)[Ljava/lang/Object; @ 116 c2
Event: 310.309 Thread 0x000002395dd0f510 DEOPT PACKING pc=0x000002394c83c490 sp=0x000000cd276f8690
Event: 310.309 Thread 0x000002395dd0f510 DEOPT UNPACKING pc=0x000002394b3746a2 sp=0x000000cd276f8630 mode 2
Event: 310.309 Thread 0x000002395dd0f510 Uncommon trap: trap_request=0xffffffd6 fr.pc=0x000002394c83c490 relative=0x0000000000000430
Event: 310.309 Thread 0x000002395dd0f510 Uncommon trap: reason=array_check action=maybe_recompile pc=0x000002394c83c490 method=java.util.AbstractCollection.toArray([Ljava/lang/Object;)[Ljava/lang/Object; @ 116 c2
Event: 310.309 Thread 0x000002395dd0f510 DEOPT PACKING pc=0x000002394c83c490 sp=0x000000cd276f8690
Event: 310.309 Thread 0x000002395dd0f510 DEOPT UNPACKING pc=0x000002394b3746a2 sp=0x000000cd276f8630 mode 2
Event: 310.309 Thread 0x000002395dd0f510 Uncommon trap: trap_request=0xffffffd6 fr.pc=0x000002394c83c490 relative=0x0000000000000430
Event: 310.309 Thread 0x000002395dd0f510 Uncommon trap: reason=array_check action=maybe_recompile pc=0x000002394c83c490 method=java.util.AbstractCollection.toArray([Ljava/lang/Object;)[Ljava/lang/Object; @ 116 c2
Event: 310.309 Thread 0x000002395dd0f510 DEOPT PACKING pc=0x000002394c83c490 sp=0x000000cd276f8690
Event: 310.309 Thread 0x000002395dd0f510 DEOPT UNPACKING pc=0x000002394b3746a2 sp=0x000000cd276f8630 mode 2
Event: 310.523 Thread 0x000002395dd0f510 Uncommon trap: trap_request=0xffffff45 fr.pc=0x000002394c57dbdc relative=0x00000000000017bc
Event: 310.523 Thread 0x000002395dd0f510 Uncommon trap: reason=unstable_if action=reinterpret pc=0x000002394c57dbdc method=sun.nio.fs.WindowsPathParser.isLetter(C)Z @ 15 c2
Event: 310.523 Thread 0x000002395dd0f510 DEOPT PACKING pc=0x000002394c57dbdc sp=0x000000cd276f9400
Event: 310.523 Thread 0x000002395dd0f510 DEOPT UNPACKING pc=0x000002394b3746a2 sp=0x000000cd276f9348 mode 2
Event: 310.667 Thread 0x000002395dd0f510 Uncommon trap: trap_request=0xffffff45 fr.pc=0x000002394c6a48e0 relative=0x00000000000004c0
Event: 310.667 Thread 0x000002395dd0f510 Uncommon trap: reason=unstable_if action=reinterpret pc=0x000002394c6a48e0 method=kotlin.text.StringsKt__AppendableKt.appendElement(Ljava/lang/Appendable;Ljava/lang/Object;Lkotlin/jvm/functions/Function1;)V @ 9 c2
Event: 310.667 Thread 0x000002395dd0f510 DEOPT PACKING pc=0x000002394c6a48e0 sp=0x000000cd276f9dd0
Event: 310.667 Thread 0x000002395dd0f510 DEOPT UNPACKING pc=0x000002394b3746a2 sp=0x000000cd276f9d90 mode 2

Classes loaded (20 events):
Event: 297.531 Loading class com/sun/xml/internal/stream/events/NamespaceImpl
Event: 297.531 Loading class javax/xml/stream/events/Namespace
Event: 297.531 Loading class javax/xml/stream/events/Attribute
Event: 297.531 Loading class javax/xml/stream/events/Attribute done
Event: 297.531 Loading class javax/xml/stream/events/Namespace done
Event: 297.531 Loading class com/sun/xml/internal/stream/events/AttributeImpl
Event: 297.532 Loading class com/sun/xml/internal/stream/events/AttributeImpl done
Event: 297.532 Loading class com/sun/xml/internal/stream/events/NamespaceImpl done
Event: 297.532 Loading class com/sun/org/apache/xerces/internal/util/NamespaceSupport$Prefixes
Event: 297.532 Loading class com/sun/org/apache/xerces/internal/util/NamespaceSupport$Prefixes done
Event: 297.532 Loading class com/sun/xml/internal/stream/events/CharacterEvent
Event: 297.532 Loading class javax/xml/stream/events/Characters
Event: 297.532 Loading class javax/xml/stream/events/Characters done
Event: 297.532 Loading class com/sun/xml/internal/stream/events/CharacterEvent done
Event: 297.533 Loading class com/sun/xml/internal/stream/events/EndElementEvent
Event: 297.533 Loading class javax/xml/stream/events/EndElement
Event: 297.533 Loading class javax/xml/stream/events/EndElement done
Event: 297.533 Loading class com/sun/xml/internal/stream/events/EndElementEvent done
Event: 298.174 Loading class java/io/CharArrayReader
Event: 298.174 Loading class java/io/CharArrayReader done

Classes unloaded (20 events):
Event: 16.841 Thread 0x000002395c044a50 Unloading class 0x0000000100720568 '_BuildScript_$_run_closure1'
Event: 16.841 Thread 0x000002395c044a50 Unloading class 0x0000000100720000 '_BuildScript_'
Event: 17.323 Thread 0x000002395c044a50 Unloading class 0x00000001007e4988 '_BuildScript_$_run_closure1$_closure2'
Event: 17.323 Thread 0x000002395c044a50 Unloading class 0x00000001007e4568 '_BuildScript_$_run_closure1'
Event: 17.323 Thread 0x000002395c044a50 Unloading class 0x00000001007e4000 '_BuildScript_'
Event: 26.561 Thread 0x000002395c044a50 Unloading class 0x00000001009b9420 '_BuildScript_$_run_closure1$_closure2'
Event: 26.561 Thread 0x000002395c044a50 Unloading class 0x00000001009b9000 '_BuildScript_$_run_closure1'
Event: 26.561 Thread 0x000002395c044a50 Unloading class 0x00000001009b8800 '_BuildScript_'
Event: 26.561 Thread 0x000002395c044a50 Unloading class 0x00000001009b4988 '_BuildScript_$_run_closure2'
Event: 26.561 Thread 0x000002395c044a50 Unloading class 0x00000001009b4568 '_BuildScript_$_run_closure1'
Event: 26.561 Thread 0x000002395c044a50 Unloading class 0x00000001009b4000 '_BuildScript_'
Event: 51.070 Thread 0x000002395c044a50 Unloading class 0x00000001009c2da8 '_BuildScript_$_run_closure1$_closure3'
Event: 51.070 Thread 0x000002395c044a50 Unloading class 0x00000001009c2988 '_BuildScript_$_run_closure1$_closure2'
Event: 51.070 Thread 0x000002395c044a50 Unloading class 0x00000001009c2568 '_BuildScript_$_run_closure1'
Event: 51.070 Thread 0x000002395c044a50 Unloading class 0x00000001009c2000 '_BuildScript_'
Event: 51.070 Thread 0x000002395c044a50 Unloading class 0x00000001009c1840 'JetGradlePlugin$_apply_closure1$_closure2$_closure3'
Event: 51.070 Thread 0x000002395c044a50 Unloading class 0x00000001009c1420 'JetGradlePlugin$_apply_closure1$_closure2'
Event: 51.070 Thread 0x000002395c044a50 Unloading class 0x00000001009c1000 'JetGradlePlugin$_apply_closure1'
Event: 51.070 Thread 0x000002395c044a50 Unloading class 0x00000001009b7400 'JetGradlePlugin'
Event: 51.070 Thread 0x000002395c044a50 Unloading class 0x00000001009b8c00 'RegistryProcessor'

Classes redefined (0 events):
No events

Internal exceptions (20 events):
Event: 291.726 Thread 0x000002395dd0f510 Exception <a 'java/lang/NoSuchMethodError'{0x000000009f55c8e8}: 'java.lang.Object java.lang.invoke.DirectMethodHandle$Holder.invokeStaticInit(java.lang.Object, java.lang.Object, java.lang.Object, java.lang.Object, java.lang.Object, java.lang.Object, java.lang.Object, java.lang.Object, java.lang.Object, java.lang.Object, java.lang.Object, java.lang.Object, java.lang.Object, java.lang.Object, java.lang.Object, java.lang.Object, java.lang.Object, java.lang.Object, java.lang.Object, java.lang.Object, int, java
Event: 292.250 Thread 0x000002395dd0f510 Exception <a 'java/lang/NoSuchMethodError'{0x000000009e7ea390}: 'java.lang.Object java.lang.invoke.DirectMethodHandle$Holder.invokeStatic(java.lang.Object, int, java.lang.Object, java.lang.Object)'> (0x000000009e7ea390) 
thrown [s\src\hotspot\share\interpreter\linkResolver.cpp, line 784]
Event: 292.301 Thread 0x000002395dd0f510 Exception <a 'java/lang/IncompatibleClassChangeError'{0x000000009e553a68}: Found class java.lang.Object, but interface was expected> (0x000000009e553a68) 
thrown [s\src\hotspot\share\interpreter\linkResolver.cpp, line 851]
Event: 292.311 Thread 0x000002395dd0f510 Exception <a 'java/lang/IncompatibleClassChangeError'{0x000000009e594980}: Found class java.lang.Object, but interface was expected> (0x000000009e594980) 
thrown [s\src\hotspot\share\interpreter\linkResolver.cpp, line 851]
Event: 292.311 Thread 0x000002395dd0f510 Exception <a 'java/lang/IncompatibleClassChangeError'{0x000000009e599c38}: Found class java.lang.Object, but interface was expected> (0x000000009e599c38) 
thrown [s\src\hotspot\share\interpreter\linkResolver.cpp, line 851]
Event: 292.469 Thread 0x000002395dd0f510 Exception <a 'java/lang/NoSuchMethodError'{0x000000009df56f90}: 'void java.lang.invoke.DirectMethodHandle$Holder.invokeSpecial(java.lang.Object, java.lang.Object, java.lang.Object, java.lang.Object, int, java.lang.Object, java.lang.Object)'> (0x000000009df56f90) 
thrown [s\src\hotspot\share\interpreter\linkResolver.cpp, line 784]
Event: 298.303 Thread 0x000002395dd0f510 Exception <a 'java/lang/NoSuchMethodError'{0x00000000fec085d8}: 'java.lang.Object java.lang.invoke.DirectMethodHandle$Holder.invokeStatic(java.lang.Object, int, int, java.lang.Object, java.lang.Object, java.lang.Object)'> (0x00000000fec085d8) 
thrown [s\src\hotspot\share\interpreter\linkResolver.cpp, line 784]
Event: 298.303 Thread 0x000002395dd0f510 Exception <a 'java/lang/NoSuchMethodError'{0x00000000fec10d90}: 'java.lang.Object java.lang.invoke.DirectMethodHandle$Holder.newInvokeSpecial(java.lang.Object, int, int, java.lang.Object, java.lang.Object)'> (0x00000000fec10d90) 
thrown [s\src\hotspot\share\interpreter\linkResolver.cpp, line 784]
Event: 298.303 Thread 0x000002395dd0f510 Exception <a 'java/lang/NoSuchMethodError'{0x00000000fec15370}: 'java.lang.Object java.lang.invoke.DirectMethodHandle$Holder.invokeSpecial(java.lang.Object, java.lang.Object, int, int, java.lang.Object, java.lang.Object)'> (0x00000000fec15370) 
thrown [s\src\hotspot\share\interpreter\linkResolver.cpp, line 784]
Event: 298.916 Thread 0x000002395dd0f510 Exception <a 'java/lang/NoSuchMethodError'{0x00000000fe451420}: 'int java.lang.invoke.DirectMethodHandle$Holder.invokeSpecial(java.lang.Object, java.lang.Object, int)'> (0x00000000fe451420) 
thrown [s\src\hotspot\share\interpreter\linkResolver.cpp, line 784]
Event: 302.929 Thread 0x0000023963dd8d00 Implicit null exception at 0x000002394c0a124b to 0x000002394c0a1314
Event: 307.840 Thread 0x000002395dd0f510 Implicit null exception at 0x000002394be8d49a to 0x000002394be8d8cc
Event: 307.958 Thread 0x000002395dd0f510 Implicit null exception at 0x000002394be8c888 to 0x000002394be8cc50
Event: 310.430 Thread 0x000002395dd0f510 Exception <a 'java/lang/NoSuchMethodError'{0x000000009983b960}: 'java.lang.Object java.lang.invoke.DirectMethodHandle$Holder.newInvokeSpecial(java.lang.Object, java.lang.Object, java.lang.Object, java.lang.Object, java.lang.Object, java.lang.Object, java.lang.Object, java.lang.Object, java.lang.Object, java.lang.Object, int)'> (0x000000009983b960) 
thrown [s\src\hotspot\share\interpreter\linkResolver.cpp, line 784]
Event: 310.430 Thread 0x000002395dd0f510 Exception <a 'java/lang/NoSuchMethodError'{0x0000000099840fd0}: 'java.lang.Object java.lang.invoke.DirectMethodHandle$Holder.invokeSpecial(java.lang.Object, java.lang.Object, java.lang.Object, java.lang.Object, java.lang.Object, java.lang.Object, java.lang.Object, java.lang.Object, java.lang.Object, java.lang.Object, java.lang.Object, int)'> (0x0000000099840fd0) 
thrown [s\src\hotspot\share\interpreter\linkResolver.cpp, line 784]
Event: 310.433 Thread 0x000002395dd0f510 Exception <a 'java/lang/NoSuchMethodError'{0x0000000099865f20}: 'java.lang.Object java.lang.invoke.DirectMethodHandle$Holder.newInvokeSpecial(java.lang.Object, java.lang.Object, java.lang.Object, java.lang.Object, java.lang.Object, java.lang.Object, java.lang.Object, java.lang.Object, java.lang.Object, java.lang.Object, java.lang.Object, java.lang.Object, int)'> (0x0000000099865f20) 
thrown [s\src\hotspot\share\interpreter\linkResolver.cpp, line 784]
Event: 310.433 Thread 0x000002395dd0f510 Exception <a 'java/lang/NoSuchMethodError'{0x000000009986b988}: 'java.lang.Object java.lang.invoke.DirectMethodHandle$Holder.invokeSpecial(java.lang.Object, java.lang.Object, java.lang.Object, java.lang.Object, java.lang.Object, java.lang.Object, java.lang.Object, java.lang.Object, java.lang.Object, java.lang.Object, java.lang.Object, java.lang.Object, java.lang.Object, int)'> (0x000000009986b988) 
thrown [s\src\hotspot\share\interpreter\linkResolver.cpp, line 784]
Event: 310.435 Thread 0x000002395dd0f510 Exception <a 'java/lang/NoSuchMethodError'{0x000000009988f1c8}: 'java.lang.Object java.lang.invoke.DirectMethodHandle$Holder.invokeSpecial(java.lang.Object, java.lang.Object, java.lang.Object, java.lang.Object, java.lang.Object, java.lang.Object, java.lang.Object, java.lang.Object, java.lang.Object, int, java.lang.Object)'> (0x000000009988f1c8) 
thrown [s\src\hotspot\share\interpreter\linkResolver.cpp, line 784]
Event: 310.460 Thread 0x000002395dd0f510 Exception <a 'java/lang/NoSuchMethodError'{0x00000000997758c0}: 'java.lang.Object java.lang.invoke.DirectMethodHandle$Holder.newInvokeSpecial(java.lang.Object, int, java.lang.Object, java.lang.Object)'> (0x00000000997758c0) 
thrown [s\src\hotspot\share\interpreter\linkResolver.cpp, line 784]
Event: 310.460 Thread 0x000002395dd0f510 Exception <a 'java/lang/NoSuchMethodError'{0x0000000099779e58}: 'java.lang.Object java.lang.invoke.DirectMethodHandle$Holder.invokeSpecial(java.lang.Object, java.lang.Object, int, java.lang.Object, java.lang.Object)'> (0x0000000099779e58) 
thrown [s\src\hotspot\share\interpreter\linkResolver.cpp, line 784]

ZGC Phase Switch (0 events):
No events

VM Operations (20 events):
Event: 301.681 Executing VM operation: Cleanup
Event: 301.681 Executing VM operation: Cleanup done
Event: 302.684 Executing VM operation: Cleanup
Event: 302.684 Executing VM operation: Cleanup done
Event: 303.689 Executing VM operation: Cleanup
Event: 303.689 Executing VM operation: Cleanup done
Event: 304.692 Executing VM operation: Cleanup
Event: 304.692 Executing VM operation: Cleanup done
Event: 305.693 Executing VM operation: Cleanup
Event: 305.693 Executing VM operation: Cleanup done
Event: 306.572 Executing VM operation: G1CollectForAllocation (G1 Evacuation Pause)
Event: 306.587 Executing VM operation: G1CollectForAllocation (G1 Evacuation Pause) done
Event: 307.601 Executing VM operation: Cleanup
Event: 307.601 Executing VM operation: Cleanup done
Event: 308.549 Executing VM operation: ICBufferFull
Event: 308.549 Executing VM operation: ICBufferFull done
Event: 309.552 Executing VM operation: Cleanup
Event: 309.552 Executing VM operation: Cleanup done
Event: 310.558 Executing VM operation: Cleanup
Event: 310.559 Executing VM operation: Cleanup done

Memory protections (0 events):
No events

Nmethod flushes (20 events):
Event: 298.534 Thread 0x000002395c044a50 flushing  nmethod 0x0000023945ad9010
Event: 298.534 Thread 0x000002395c044a50 flushing  nmethod 0x0000023945b56090
Event: 298.534 Thread 0x000002395c044a50 flushing  nmethod 0x0000023945c6a710
Event: 298.534 Thread 0x000002395c044a50 flushing  nmethod 0x0000023945c6cd10
Event: 298.534 Thread 0x000002395c044a50 flushing  nmethod 0x0000023946176f10
Event: 298.534 Thread 0x000002395c044a50 flushing  nmethod 0x00000239463f3d10
Event: 298.534 Thread 0x000002395c044a50 flushing  nmethod 0x00000239463f9990
Event: 298.534 Thread 0x000002395c044a50 flushing  nmethod 0x00000239465dd890
Event: 298.534 Thread 0x000002395c044a50 flushing  nmethod 0x000002394669aa90
Event: 298.534 Thread 0x000002395c044a50 flushing  nmethod 0x00000239466e1710
Event: 298.534 Thread 0x000002395c044a50 flushing  nmethod 0x000002394673e910
Event: 298.534 Thread 0x000002395c044a50 flushing  nmethod 0x000002394673fe10
Event: 298.534 Thread 0x000002395c044a50 flushing  nmethod 0x0000023946740290
Event: 298.534 Thread 0x000002395c044a50 flushing  nmethod 0x0000023946740710
Event: 298.534 Thread 0x000002395c044a50 flushing  nmethod 0x0000023946742c90
Event: 298.534 Thread 0x000002395c044a50 flushing  nmethod 0x0000023946746090
Event: 298.534 Thread 0x000002395c044a50 flushing  nmethod 0x0000023946763d90
Event: 298.534 Thread 0x000002395c044a50 flushing  nmethod 0x000002394676af90
Event: 298.534 Thread 0x000002395c044a50 flushing  nmethod 0x0000023946777890
Event: 298.534 Thread 0x000002395c044a50 flushing  nmethod 0x0000023946778610

Events (20 events):
Event: 299.555 Thread 0x000002395dd0f510 Thread added: 0x0000023963dd8670
Event: 299.556 Thread 0x000002395dd0f510 Thread added: 0x0000023963dd8d00
Event: 299.556 Thread 0x000002395dd0f510 Thread added: 0x0000023963ddb460
Event: 300.300 Thread 0x0000023972339910 Thread exited: 0x0000023972339910
Event: 306.191 Thread 0x000002395dd0f510 Thread added: 0x0000023963dda740
Event: 306.192 Thread 0x000002395dd0f510 Thread added: 0x000002395f14ade0
Event: 306.192 Thread 0x000002395dd0f510 Thread added: 0x000002395f14ceb0
Event: 307.731 Thread 0x000002395dd0f510 Thread added: 0x000002395f14e8f0
Event: 307.731 Thread 0x000002395dd0f510 Thread added: 0x000002395f14bb00
Event: 307.732 Thread 0x000002395dd0f510 Thread added: 0x0000023961cde3f0
Event: 308.246 Thread 0x000002395c0fbeb0 Thread added: 0x000002397233ad80
Event: 308.417 Thread 0x000002397233ad80 Thread exited: 0x000002397233ad80
Event: 308.554 Thread 0x000002395dd0f510 Thread added: 0x0000023961ce1870
Event: 308.561 Thread 0x000002395dd0f510 Thread added: 0x0000023961cdea80
Event: 308.562 Thread 0x000002395dd0f510 Thread added: 0x0000023961cdaf70
Event: 308.562 Thread 0x000002395dd0f510 Thread added: 0x0000023961cdf7a0
Event: 310.026 Thread 0x000002395dd0f510 Thread added: 0x0000023961cdfe30
Event: 310.061 Thread 0x000002395dd0f510 Thread added: 0x0000023961ce2590
Event: 310.061 Thread 0x000002395dd0f510 Thread added: 0x0000023961cdb600
Event: 310.297 Thread 0x000002395c0fbeb0 Thread added: 0x0000023972336960


Dynamic libraries:
0x00007ff62e490000 - 0x00007ff62e49a000 	D:\AndroidStudio\jbr\bin\java.exe
0x00007ffa8e1f0000 - 0x00007ffa8e3e8000 	C:\WINDOWS\SYSTEM32\ntdll.dll
0x00007ffa8ce00000 - 0x00007ffa8cec2000 	C:\WINDOWS\System32\KERNEL32.DLL
0x00007ffa8bba0000 - 0x00007ffa8be96000 	C:\WINDOWS\System32\KERNELBASE.dll
0x00007ffa8ba10000 - 0x00007ffa8bb10000 	C:\WINDOWS\System32\ucrtbase.dll
0x00007ffa7fff0000 - 0x00007ffa8000b000 	D:\AndroidStudio\jbr\bin\VCRUNTIME140.dll
0x00007ffa83020000 - 0x00007ffa83038000 	D:\AndroidStudio\jbr\bin\jli.dll
0x00007ffa81520000 - 0x00007ffa817bb000 	C:\WINDOWS\WinSxS\amd64_microsoft.windows.common-controls_6595b64144ccf1df_6.0.19041.6456_none_60b8a6cb71f64256\COMCTL32.dll
0x00007ffa8cbd0000 - 0x00007ffa8cd71000 	C:\WINDOWS\System32\USER32.dll
0x00007ffa8c4a0000 - 0x00007ffa8c53e000 	C:\WINDOWS\System32\msvcrt.dll
0x00007ffa8b880000 - 0x00007ffa8b8a2000 	C:\WINDOWS\System32\win32u.dll
0x00007ffa8c940000 - 0x00007ffa8c96b000 	C:\WINDOWS\System32\GDI32.dll
0x00007ffa8bf70000 - 0x00007ffa8c089000 	C:\WINDOWS\System32\gdi32full.dll
0x00007ffa8c140000 - 0x00007ffa8c1dd000 	C:\WINDOWS\System32\msvcp_win.dll
0x00007ffa8d920000 - 0x00007ffa8d94f000 	C:\WINDOWS\System32\IMM32.DLL
0x00007ffa7ffe0000 - 0x00007ffa7ffec000 	D:\AndroidStudio\jbr\bin\vcruntime140_1.dll
0x00007ffa55830000 - 0x00007ffa558bd000 	D:\AndroidStudio\jbr\bin\msvcp140.dll
0x00007ffa2b460000 - 0x00007ffa2c0f6000 	D:\AndroidStudio\jbr\bin\server\jvm.dll
0x00007ffa8c880000 - 0x00007ffa8c931000 	C:\WINDOWS\System32\ADVAPI32.dll
0x00007ffa8c1f0000 - 0x00007ffa8c28f000 	C:\WINDOWS\System32\sechost.dll
0x00007ffa8c290000 - 0x00007ffa8c3b0000 	C:\WINDOWS\System32\RPCRT4.dll
0x00007ffa8b850000 - 0x00007ffa8b877000 	C:\WINDOWS\System32\bcrypt.dll
0x00007ffa8cb60000 - 0x00007ffa8cbcb000 	C:\WINDOWS\System32\WS2_32.dll
0x00007ffa85320000 - 0x00007ffa8532a000 	C:\WINDOWS\SYSTEM32\VERSION.dll
0x00007ffa80da0000 - 0x00007ffa80dc7000 	C:\WINDOWS\SYSTEM32\WINMM.dll
0x00007ffa8b6b0000 - 0x00007ffa8b6fb000 	C:\WINDOWS\SYSTEM32\POWRPROF.dll
0x00007ffa8b690000 - 0x00007ffa8b6a2000 	C:\WINDOWS\SYSTEM32\UMPDC.dll
0x00007ffa893e0000 - 0x00007ffa893f2000 	C:\WINDOWS\SYSTEM32\kernel.appcore.dll
0x00007ffa7ffd0000 - 0x00007ffa7ffda000 	D:\AndroidStudio\jbr\bin\jimage.dll
0x00007ffa80800000 - 0x00007ffa80a01000 	C:\WINDOWS\SYSTEM32\DBGHELP.DLL
0x00007ffa7ef60000 - 0x00007ffa7ef94000 	C:\WINDOWS\SYSTEM32\dbgcore.DLL
0x00007ffa8bb10000 - 0x00007ffa8bb92000 	C:\WINDOWS\System32\bcryptPrimitives.dll
0x00007ffa7fdb0000 - 0x00007ffa7fdbe000 	D:\AndroidStudio\jbr\bin\instrument.dll
0x00007ffa7fd00000 - 0x00007ffa7fd20000 	D:\AndroidStudio\jbr\bin\java.dll
0x00007ffa7fc50000 - 0x00007ffa7fc68000 	D:\AndroidStudio\jbr\bin\zip.dll
0x00007ffa8d950000 - 0x00007ffa8e0c0000 	C:\WINDOWS\System32\SHELL32.dll
0x00007ffa896c0000 - 0x00007ffa89e65000 	C:\WINDOWS\SYSTEM32\windows.storage.dll
0x00007ffa8d420000 - 0x00007ffa8d774000 	C:\WINDOWS\System32\combase.dll
0x00007ffa8b0c0000 - 0x00007ffa8b0eb000 	C:\WINDOWS\SYSTEM32\Wldp.dll
0x00007ffa8ced0000 - 0x00007ffa8cf9d000 	C:\WINDOWS\System32\OLEAUT32.dll
0x00007ffa8c970000 - 0x00007ffa8ca1d000 	C:\WINDOWS\System32\SHCORE.dll
0x00007ffa8d780000 - 0x00007ffa8d7db000 	C:\WINDOWS\System32\shlwapi.dll
0x00007ffa8b780000 - 0x00007ffa8b7a4000 	C:\WINDOWS\SYSTEM32\profapi.dll
0x00007ffa7fe70000 - 0x00007ffa7fe80000 	D:\AndroidStudio\jbr\bin\net.dll
0x00007ffa87150000 - 0x00007ffa8725a000 	C:\WINDOWS\SYSTEM32\WINHTTP.dll
0x00007ffa8aea0000 - 0x00007ffa8af0a000 	C:\WINDOWS\system32\mswsock.dll
0x00007ffa7fbf0000 - 0x00007ffa7fc06000 	D:\AndroidStudio\jbr\bin\nio.dll
0x00007ffa7f980000 - 0x00007ffa7f990000 	D:\AndroidStudio\jbr\bin\verify.dll
0x00007ffa77320000 - 0x00007ffa77347000 	C:\Users\gastona\.gradle\native\1def1411415f61bf3af743bc5b6707747c0891f09f0c88961ee8f79bc544acac\windows-amd64\native-platform.dll
0x0000000064c40000 - 0x0000000064cb3000 	C:\Users\gastona\.gradle\native\0.2.5\x86_64-windows-gnu\gradle-fileevents.dll
0x00007ffa7fba0000 - 0x00007ffa7fba9000 	D:\AndroidStudio\jbr\bin\management.dll
0x00007ffa7fad0000 - 0x00007ffa7fadb000 	D:\AndroidStudio\jbr\bin\management_ext.dll
0x00007ffa8e170000 - 0x00007ffa8e178000 	C:\WINDOWS\System32\PSAPI.DLL
0x00007ffa8b2d0000 - 0x00007ffa8b2e8000 	C:\WINDOWS\SYSTEM32\CRYPTSP.dll
0x00007ffa8a7e0000 - 0x00007ffa8a818000 	C:\WINDOWS\system32\rsaenh.dll
0x00007ffa8b700000 - 0x00007ffa8b72e000 	C:\WINDOWS\SYSTEM32\USERENV.dll
0x00007ffa8b030000 - 0x00007ffa8b03c000 	C:\WINDOWS\SYSTEM32\CRYPTBASE.dll
0x00007ffa8aba0000 - 0x00007ffa8abdb000 	C:\WINDOWS\SYSTEM32\IPHLPAPI.DLL
0x00007ffa8d410000 - 0x00007ffa8d418000 	C:\WINDOWS\System32\NSI.dll
0x00007ffa7fe10000 - 0x00007ffa7fe19000 	D:\AndroidStudio\jbr\bin\extnet.dll
0x00007ffa56100000 - 0x00007ffa56107000 	C:\WINDOWS\system32\wshunix.dll
0x0000000064bc0000 - 0x0000000064c33000 	C:\Users\gastona\AppData\Local\Temp\native-platform17594185492579170902dir\gradle-fileevents.dll
0x00007ffa8aa30000 - 0x00007ffa8aa63000 	C:\WINDOWS\SYSTEM32\ntmarta.dll
0x00007ffa8abe0000 - 0x00007ffa8acaa000 	C:\WINDOWS\SYSTEM32\DNSAPI.dll
0x00007ffa84ad0000 - 0x00007ffa84ada000 	C:\Windows\System32\rasadhlp.dll
0x00007ffa865c0000 - 0x00007ffa86640000 	C:\WINDOWS\System32\fwpuclnt.dll

JVMTI agents:
C:\Users\gastona\.gradle\wrapper\dists\gradle-8.12-bin\cetblhg4pflnnks72fxwobvgv\gradle-8.12\lib\agents\gradle-instrumentation-agent-8.12.jar path:D:\AndroidStudio\jbr\bin\instrument.dll, loaded, initialized, instrumentlib options:none

dbghelp: loaded successfully - version: 4.0.5 - missing functions: none
symbol engine: initialized successfully - sym options: 0x614 - pdb path: .;D:\AndroidStudio\jbr\bin;C:\WINDOWS\SYSTEM32;C:\WINDOWS\WinSxS\amd64_microsoft.windows.common-controls_6595b64144ccf1df_6.0.19041.6456_none_60b8a6cb71f64256;D:\AndroidStudio\jbr\bin\server;C:\Users\gastona\.gradle\native\1def1411415f61bf3af743bc5b6707747c0891f09f0c88961ee8f79bc544acac\windows-amd64;C:\Users\gastona\.gradle\native\0.2.5\x86_64-windows-gnu;C:\Users\gastona\AppData\Local\Temp\native-platform17594185492579170902dir

VM Arguments:
jvm_args: --add-opens=java.base/java.lang=ALL-UNNAMED --add-opens=java.base/java.lang.invoke=ALL-UNNAMED --add-opens=java.base/java.util=ALL-UNNAMED --add-opens=java.prefs/java.util.prefs=ALL-UNNAMED --add-exports=jdk.compiler/com.sun.tools.javac.api=ALL-UNNAMED --add-exports=jdk.compiler/com.sun.tools.javac.util=ALL-UNNAMED --add-opens=java.base/java.util=ALL-UNNAMED --add-opens=java.prefs/java.util.prefs=ALL-UNNAMED --add-opens=java.base/java.nio.charset=ALL-UNNAMED --add-opens=java.base/java.net=ALL-UNNAMED --add-opens=java.base/java.util.concurrent.atomic=ALL-UNNAMED --add-opens=java.xml/javax.xml.namespace=ALL-UNNAMED -Xmx2048m -Dfile.encoding=UTF-8 -Duser.country=AR -Duser.language=es -Duser.variant -javaagent:C:\Users\gastona\.gradle\wrapper\dists\gradle-8.12-bin\cetblhg4pflnnks72fxwobvgv\gradle-8.12\lib\agents\gradle-instrumentation-agent-8.12.jar 
java_command: org.gradle.launcher.daemon.bootstrap.GradleDaemon 8.12
java_class_path (initial): C:\Users\gastona\.gradle\wrapper\dists\gradle-8.12-bin\cetblhg4pflnnks72fxwobvgv\gradle-8.12\lib\gradle-daemon-main-8.12.jar
Launcher Type: SUN_STANDARD

[Global flags]
     intx CICompilerCount                          = 3                                         {product} {ergonomic}
     uint ConcGCThreads                            = 1                                         {product} {ergonomic}
     uint G1ConcRefinementThreads                  = 4                                         {product} {ergonomic}
   size_t G1HeapRegionSize                         = 1048576                                   {product} {ergonomic}
    uintx GCDrainStackTargetSize                   = 64                                        {product} {ergonomic}
   size_t InitialHeapSize                          = 268435456                                 {product} {ergonomic}
   size_t MarkStackSize                            = 4194304                                   {product} {ergonomic}
   size_t MaxHeapSize                              = 2147483648                                {product} {command line}
   size_t MaxNewSize                               = 1287651328                                {product} {ergonomic}
   size_t MinHeapDeltaBytes                        = 1048576                                   {product} {ergonomic}
   size_t MinHeapSize                              = 8388608                                   {product} {ergonomic}
    uintx NonNMethodCodeHeapSize                   = 5832780                                {pd product} {ergonomic}
    uintx NonProfiledCodeHeapSize                  = 122912730                              {pd product} {ergonomic}
    uintx ProfiledCodeHeapSize                     = 122912730                              {pd product} {ergonomic}
    uintx ReservedCodeCacheSize                    = 251658240                              {pd product} {ergonomic}
     bool SegmentedCodeCache                       = true                                      {product} {ergonomic}
   size_t SoftMaxHeapSize                          = 2147483648                             {manageable} {ergonomic}
     bool UseCompressedOops                        = true                           {product lp64_product} {ergonomic}
     bool UseG1GC                                  = true                                      {product} {ergonomic}
     bool UseLargePagesIndividualAllocation        = false                                  {pd product} {ergonomic}

Logging:
Log output configuration:
 #0: stdout all=warning uptime,level,tags foldmultilines=false
 #1: stderr all=off uptime,level,tags foldmultilines=false

Environment Variables:
JAVA_HOME=C:\Program Files\Java\jdk1.8.0_301
PATH=C:\Program Files\Common Files\Oracle\Java\javapath;C:\Program Files (x86)\Common Files\Oracle\Java\java8path;C:\Program Files\Common files\EFI;C:\Program Files\Fiery\Components\Common files;C:\WINDOWS\system32;C:\WINDOWS;C:\WINDOWS\System32\Wbem;C:\WINDOWS\System32\WindowsPowerShell\v1.0\;C:\WINDOWS\System32\OpenSSH\;C:\Program Files\Microsoft SQL Server\150\Tools\Binn\;C:\Program Files\Microsoft SQL Server\Client SDK\ODBC\170\Tools\Binn\;C:\Program Files\dotnet\;C:\Program Files (x86)\Microsoft SQL Server\150\Tools\Binn\;C:\Program Files\Microsoft SQL Server\150\DTS\Binn\;C:\Program Files\Git\cmd;C:\Program Files\Docker\Docker\resources\bin;C:\Program Files (x86)\Windows Kits\10\Windows Performance Toolkit\;C:\Program Files\nodejs\;C:\Program Files\MongoDB\Server\8.0\bin;C:\Program Files\Google\Google Apps Sync\;C:\Users\gastona\AppData\Local\Programs\Python\Python313\Scripts\;C:\Users\gastona\AppData\Local\Programs\Python\Python313\;C:\Users\gastona\AppData\Local\Programs\Python\Launcher\;C:\Users\gastona\AppData\Local\Microsoft\WindowsApps;C:\Users\gastona\.dotnet\tools;C:\Program Files\Azure Data Studio\bin;C:\Program Files\Azure Data Studio\bin;C:\Users\gastona\AppData\Local\GitHubDesktop\bin;C:\Program Files\apache-maven-3.9.6-bin\apache-maven-3.9.6\Bin;C:\Program Files\Java\jdk1.8.0_301\Bin;D:\Programas\Microsoft VS Code\bin;D:\Programas\Mongo\;C:\php;C:\Users\gastona\AppData\Roaming\npm
USERNAME=gastona
OS=Windows_NT
PROCESSOR_IDENTIFIER=Intel64 Family 6 Model 94 Stepping 3, GenuineIntel
TMP=C:\Users\gastona\AppData\Local\Temp
TEMP=C:\Users\gastona\AppData\Local\Temp




Periodic native trim disabled

JNI global refs:
JNI global refs: 33, weak refs: 18

JNI global refs memory usage: 835, weak refs: 833

Process memory usage:
Resident Set Size: 1188368K (7% of 16687544K total physical memory with 548068K free physical memory)

OOME stack traces (most recent first):
Classloader memory used:
Loader org.gradle.internal.classloader.VisitableURLClassLoader                         : 116M
Loader org.gradle.internal.classloader.VisitableURLClassLoader$InstrumentingVisitableURLClassLoader: 36895K
Loader bootstrap                                                                       : 36451K
Loader org.gradle.initialization.MixInLegacyTypesClassLoader                           : 16213K
Loader org.gradle.internal.classloader.VisitableURLClassLoader                         : 6778K
Loader jdk.internal.loader.ClassLoaders$PlatformClassLoader                            : 864K
Loader jdk.internal.reflect.DelegatingClassLoader                                      : 450K
Loader jdk.internal.jrtfs.JrtFileSystemProvider$JrtFsLoader                            : 343K
Loader jdk.internal.loader.ClassLoaders$AppClassLoader                                 : 231K
Loader org.gradle.groovy.scripts.internal.DefaultScriptCompilationHandler$ScriptClassLoader: 90104B
Loader org.codehaus.groovy.runtime.callsite.CallSiteClassLoader                        : 49032B


[error occurred during error reporting (Classloader stats), id 0xe0000001, Out of Memory Error (s\src\hotspot\share\memory\arena.cpp:168)]
---------------  S Y S T E M  ---------------

OS:
 Windows 10 , 64 bit Build 19041 (10.0.19041.5915)
OS uptime: 6 days 2:33 hours
Hyper-V role detected

CPU: total 4 (initial active 4) (4 cores per cpu, 1 threads per core) family 6 model 94 stepping 3 microcode 0xcc, cx8, cmov, fxsr, mmx, 3dnowpref, sse, sse2, sse3, ssse3, sse4.1, sse4.2, popcnt, lzcnt, tsc, tscinvbit, avx, avx2, aes, erms, clmul, bmi1, bmi2, adx, fma, vzeroupper, clflush, clflushopt, hv, rdtscp, f16c
Processor Information for the first 4 processors :
  Max Mhz: 2701, Current Mhz: 2701, Mhz Limit: 2701

Memory: 4k page, system-wide physical 16296M (535M free)
TotalPageFile size 24296M (AvailPageFile size 1M)
current process WorkingSet (physical memory assigned to process): 1161M, peak: 1161M
current process commit charge ("private bytes"): 1186M, peak: 1187M

vm_info: OpenJDK 64-Bit Server VM (21.0.8+-14196175-b1038.72) for windows-amd64 JRE (21.0.8+-14196175-b1038.72), built on 2025-10-01T10:24:33Z by "builder" with MS VC++ 16.10 / 16.11 (VS2019)

END.
